,comment,currency,amount,text_length,text_wordcount,tokenized_comment,token_lem,token_pstem,cleaned_lem,cleaned_pstem,cluster,x0,x1,cluster1,x0_1,x1_1
34,I believe all human beings deserved a second chance. Babies are a gift from Allah. Hopefully my small amount can help. May Allah protect this child from harm and may Allah also give strength to this family.,SGD,5000,206.0,37.0,"['i', 'believe', 'all', 'human', 'beings', 'deserved', 'a', 'second', 'chance', 'babies', 'are', 'a', 'gift', 'from', 'allah', 'hopefully', 'my', 'small', 'amount', 'can', 'help', 'may', 'allah', 'protect', 'this', 'child', 'from', 'harm', 'and', 'may', 'allah', 'also', 'give', 'strength', 'to', 'this', 'family']","['i', 'believe', 'all', 'human', 'being', 'deserved', 'a', 'second', 'chance', 'baby', 'are', 'a', 'gift', 'from', 'allah', 'hopefully', 'my', 'small', 'amount', 'can', 'help', 'may', 'allah', 'protect', 'this', 'child', 'from', 'harm', 'and', 'may', 'allah', 'also', 'give', 'strength', 'to', 'this', 'family']","['i', 'believ', 'all', 'human', 'be', 'deserv', 'a', 'second', 'chanc', 'babi', 'are', 'a', 'gift', 'from', 'allah', 'hope', 'my', 'small', 'amount', 'can', 'help', 'may', 'allah', 'protect', 'thi', 'child', 'from', 'harm', 'and', 'may', 'allah', 'also', 'give', 'strength', 'to', 'thi', 'famili']",i believe all human being deserved a second chance baby are a gift from allah hopefully my small amount can help may allah protect this child from harm and may allah also give strength to this family,i believ all human be deserv a second chanc babi are a gift from allah hope my small amount can help may allah protect thi child from harm and may allah also give strength to thi famili,0,-0.08935569124309461,-0.04822234501023998,2,-0.4176761403077276,0.573976205430306
48,May God's mercy be with this family and the kind doctor who proceeded the operation to save this little baby's life.,SGD,5000,116.0,21.0,"['may', 'god', 's', 'mercy', 'be', 'with', 'this', 'family', 'and', 'the', 'kind', 'doctor', 'who', 'proceeded', 'the', 'operation', 'to', 'save', 'this', 'little', 'baby', 's', 'life']","['may', 'god', 's', 'mercy', 'be', 'with', 'this', 'family', 'and', 'the', 'kind', 'doctor', 'who', 'proceeded', 'the', 'operation', 'to', 'save', 'this', 'little', 'baby', 's', 'life']","['may', 'god', 's', 'merci', 'be', 'with', 'thi', 'famili', 'and', 'the', 'kind', 'doctor', 'who', 'proceed', 'the', 'oper', 'to', 'save', 'thi', 'littl', 'babi', 's', 'life']",may god s mercy be with this family and the kind doctor who proceeded the operation to save this little baby s life,may god s merci be with thi famili and the kind doctor who proceed the oper to save thi littl babi s life,0,-0.09279723405161645,-0.011941044428662879,2,-0.31193441789538706,0.6826936166596154
49,May Allah bless every each one of us with health and hapiness in life.,SGD,10000,70.0,14.0,"['may', 'allah', 'bless', 'every', 'each', 'one', 'of', 'us', 'with', 'health', 'and', 'hapiness', 'in', 'life']","['may', 'allah', 'bless', 'every', 'each', 'one', 'of', 'u', 'with', 'health', 'and', 'hapiness', 'in', 'life']","['may', 'allah', 'bless', 'everi', 'each', 'one', 'of', 'us', 'with', 'health', 'and', 'hapi', 'in', 'life']",may allah bless every each one of u with health and hapiness in life,may allah bless everi each one of us with health and hapi in life,0,-0.08619287722289397,-0.037455615590563436,2,-0.26143339391915654,0.2047422600922953
50,"I would like to bless the children with a small token, hoping this small amount could provide them a little comfort during this period. May they continue to learn and grow in a safe and conducive environment.",SGD,50000,208.0,37.0,"['i', 'would', 'like', 'to', 'bless', 'the', 'children', 'with', 'a', 'small', 'token', 'hoping', 'this', 'small', 'amount', 'could', 'provide', 'them', 'a', 'little', 'comfort', 'during', 'this', 'period', 'may', 'they', 'continue', 'to', 'learn', 'and', 'grow', 'in', 'a', 'safe', 'and', 'conducive', 'environment']","['i', 'would', 'like', 'to', 'bless', 'the', 'child', 'with', 'a', 'small', 'token', 'hoping', 'this', 'small', 'amount', 'could', 'provide', 'them', 'a', 'little', 'comfort', 'during', 'this', 'period', 'may', 'they', 'continue', 'to', 'learn', 'and', 'grow', 'in', 'a', 'safe', 'and', 'conducive', 'environment']","['i', 'would', 'like', 'to', 'bless', 'the', 'children', 'with', 'a', 'small', 'token', 'hope', 'thi', 'small', 'amount', 'could', 'provid', 'them', 'a', 'littl', 'comfort', 'dure', 'thi', 'period', 'may', 'they', 'continu', 'to', 'learn', 'and', 'grow', 'in', 'a', 'safe', 'and', 'conduc', 'environ']",i would like to bless the child with a small token hoping this small amount could provide them a little comfort during this period may they continue to learn and grow in a safe and conducive environment,i would like to bless the children with a small token hope thi small amount could provid them a littl comfort dure thi period may they continu to learn and grow in a safe and conduc environ,0,-0.0843306506409883,-0.019513390113451868,2,-0.2995135770537955,0.41958498851417536
74,May God make it easy for Baby Niyaz and his parents.,SGD,2000,52.0,11.0,"['may', 'god', 'make', 'it', 'easy', 'for', 'baby', 'niyaz', 'and', 'his', 'parents']","['may', 'god', 'make', 'it', 'easy', 'for', 'baby', 'niyaz', 'and', 'his', 'parent']","['may', 'god', 'make', 'it', 'easi', 'for', 'babi', 'niyaz', 'and', 'hi', 'parent']",may god make it easy for baby niyaz and his parent,may god make it easi for babi niyaz and hi parent,0,-0.06623842816032718,0.022116221117982296,2,-0.20315831148632923,0.41984531947329673
76,"May god shower his blessings to Mani,speedy recovery to you dear.",SGD,5000,65.0,11.0,"['may', 'god', 'shower', 'his', 'blessings', 'to', 'mani', 'speedy', 'recovery', 'to', 'you', 'dear']","['may', 'god', 'shower', 'his', 'blessing', 'to', 'mani', 'speedy', 'recovery', 'to', 'you', 'dear']","['may', 'god', 'shower', 'hi', 'bless', 'to', 'mani', 'speedi', 'recoveri', 'to', 'you', 'dear']",may god shower his blessing to mani speedy recovery to you dear,may god shower hi bless to mani speedi recoveri to you dear,3,-0.11440732080705689,0.5399616616617042,2,-0.4159764466828523,1.659154246048298
88,I donated because I want the family to know that there is still hope & do not give up. May Allah S.W.T give you strength to go through this difficult times & may you be rewarded for your patience in HIM.,SGD,100000,203.0,41.0,"['i', 'donated', 'because', 'i', 'want', 'the', 'family', 'to', 'know', 'that', 'there', 'is', 'still', 'hope', 'do', 'not', 'give', 'up', 'may', 'allah', 's', 'w', 't', 'give', 'you', 'strength', 'to', 'go', 'through', 'this', 'difficult', 'times', 'may', 'you', 'be', 'rewarded', 'for', 'your', 'patience', 'in', 'him']","['i', 'donated', 'because', 'i', 'want', 'the', 'family', 'to', 'know', 'that', 'there', 'is', 'still', 'hope', 'do', 'not', 'give', 'up', 'may', 'allah', 's', 'w', 't', 'give', 'you', 'strength', 'to', 'go', 'through', 'this', 'difficult', 'time', 'may', 'you', 'be', 'rewarded', 'for', 'your', 'patience', 'in', 'him']","['i', 'donat', 'becaus', 'i', 'want', 'the', 'famili', 'to', 'know', 'that', 'there', 'is', 'still', 'hope', 'do', 'not', 'give', 'up', 'may', 'allah', 's', 'w', 't', 'give', 'you', 'strength', 'to', 'go', 'through', 'thi', 'difficult', 'time', 'may', 'you', 'be', 'reward', 'for', 'your', 'patienc', 'in', 'him']",i donated because i want the family to know that there is still hope do not give up may allah s w t give you strength to go through this difficult time may you be rewarded for your patience in him,i donat becaus i want the famili to know that there is still hope do not give up may allah s w t give you strength to go through thi difficult time may you be reward for your patienc in him,0,-0.1083448431628559,-0.08511865024164898,2,-0.3986209466450374,0.526353090138125
90,every bit helps. hoping the money i've donated and others have donated will greatly benefit Manidhar :) God bless!,SGD,500,114.0,19.0,"['every', 'bit', 'helps', 'hoping', 'the', 'money', 'i', 've', 'donated', 'and', 'others', 'have', 'donated', 'will', 'greatly', 'benefit', 'manidhar', 'god', 'bless']","['every', 'bit', 'help', 'hoping', 'the', 'money', 'i', 've', 'donated', 'and', 'others', 'have', 'donated', 'will', 'greatly', 'benefit', 'manidhar', 'god', 'bless']","['everi', 'bit', 'help', 'hope', 'the', 'money', 'i', 've', 'donat', 'and', 'other', 'have', 'donat', 'will', 'greatli', 'benefit', 'manidhar', 'god', 'bless']",every bit help hoping the money i ve donated and others have donated will greatly benefit manidhar god bless,everi bit help hope the money i ve donat and other have donat will greatli benefit manidhar god bless,0,-0.05737774397589491,0.015771636353404745,2,-0.211625027654893,0.6680397687425317
100,All living things are God creations and we must love them. Thank you to all the kind and loving people caring and taking care of these animals. I pray that God will bless them and all the animals.,SGD,5000,196.0,38.0,"['all', 'living', 'things', 'are', 'god', 'creations', 'and', 'we', 'must', 'love', 'them', 'thank', 'you', 'to', 'all', 'the', 'kind', 'and', 'loving', 'people', 'caring', 'and', 'taking', 'care', 'of', 'these', 'animals', 'i', 'pray', 'that', 'god', 'will', 'bless', 'them', 'and', 'all', 'the', 'animals']","['all', 'living', 'thing', 'are', 'god', 'creation', 'and', 'we', 'must', 'love', 'them', 'thank', 'you', 'to', 'all', 'the', 'kind', 'and', 'loving', 'people', 'caring', 'and', 'taking', 'care', 'of', 'these', 'animal', 'i', 'pray', 'that', 'god', 'will', 'bless', 'them', 'and', 'all', 'the', 'animal']","['all', 'live', 'thing', 'are', 'god', 'creation', 'and', 'we', 'must', 'love', 'them', 'thank', 'you', 'to', 'all', 'the', 'kind', 'and', 'love', 'peopl', 'care', 'and', 'take', 'care', 'of', 'these', 'anim', 'i', 'pray', 'that', 'god', 'will', 'bless', 'them', 'and', 'all', 'the', 'anim']",all living thing are god creation and we must love them thank you to all the kind and loving people caring and taking care of these animal i pray that god will bless them and all the animal,all live thing are god creation and we must love them thank you to all the kind and love peopl care and take care of these anim i pray that god will bless them and all the anim,0,-0.08497366186656376,0.021094038693186955,2,-0.34623374408813695,1.119150300118132
102,"We want to help other children because God blessed us with many things: a happy home, a school, talent, and amazing people who love us. We want to love others by blessing others with what we do - painting.  Bless you, *hearts*",SGD,20000,226.0,43.0,"['we', 'want', 'to', 'help', 'other', 'children', 'because', 'god', 'blessed', 'us', 'with', 'many', 'things', 'a', 'happy', 'home', 'a', 'school', 'talent', 'and', 'amazing', 'people', 'who', 'love', 'us', 'we', 'want', 'to', 'love', 'others', 'by', 'blessing', 'others', 'with', 'what', 'we', 'do', 'painting', 'bless', 'you', 'hearts']","['we', 'want', 'to', 'help', 'other', 'child', 'because', 'god', 'blessed', 'u', 'with', 'many', 'thing', 'a', 'happy', 'home', 'a', 'school', 'talent', 'and', 'amazing', 'people', 'who', 'love', 'u', 'we', 'want', 'to', 'love', 'others', 'by', 'blessing', 'others', 'with', 'what', 'we', 'do', 'painting', 'bless', 'you', 'heart']","['we', 'want', 'to', 'help', 'other', 'children', 'becaus', 'god', 'bless', 'us', 'with', 'mani', 'thing', 'a', 'happi', 'home', 'a', 'school', 'talent', 'and', 'amaz', 'peopl', 'who', 'love', 'us', 'we', 'want', 'to', 'love', 'other', 'by', 'bless', 'other', 'with', 'what', 'we', 'do', 'paint', 'bless', 'you', 'heart']",we want to help other child because god blessed u with many thing a happy home a school talent and amazing people who love u we want to love others by blessing others with what we do painting bless you heart,we want to help other children becaus god bless us with mani thing a happi home a school talent and amaz peopl who love us we want to love other by bless other with what we do paint bless you heart,0,-0.137851819101941,-0.12425589575710395,2,-0.559524914592547,0.4200374247039037
114,God bless you all I will try to help more when I can,SGD,216000,52.0,13.0,"['god', 'bless', 'you', 'all', 'i', 'will', 'try', 'to', 'help', 'more', 'when', 'i', 'can']","['god', 'bless', 'you', 'all', 'i', 'will', 'try', 'to', 'help', 'more', 'when', 'i', 'can']","['god', 'bless', 'you', 'all', 'i', 'will', 'tri', 'to', 'help', 'more', 'when', 'i', 'can']",god bless you all i will try to help more when i can,god bless you all i will tri to help more when i can,0,-0.0670880517800604,0.0701228528647836,2,-0.23943959881921403,0.6379407980828986
115,I will try to help when I can God bless you all,THB,1000000,47.0,12.0,"['i', 'will', 'try', 'to', 'help', 'when', 'i', 'can', 'god', 'bless', 'you', 'all']","['i', 'will', 'try', 'to', 'help', 'when', 'i', 'can', 'god', 'bless', 'you', 'all']","['i', 'will', 'tri', 'to', 'help', 'when', 'i', 'can', 'god', 'bless', 'you', 'all']",i will try to help when i can god bless you all,i will tri to help when i can god bless you all,0,-0.0670880517800604,0.0701228528647836,2,-0.23943959881921403,0.6379407980828986
126,May the Lord bless you. Thank you for your contribution towards making Singaporean lives better.,SGD,50000,96.0,15.0,"['may', 'the', 'lord', 'bless', 'you', 'thank', 'you', 'for', 'your', 'contribution', 'towards', 'making', 'singaporean', 'lives', 'better']","['may', 'the', 'lord', 'bless', 'you', 'thank', 'you', 'for', 'your', 'contribution', 'towards', 'making', 'singaporean', 'life', 'better']","['may', 'the', 'lord', 'bless', 'you', 'thank', 'you', 'for', 'your', 'contribut', 'toward', 'make', 'singaporean', 'live', 'better']",may the lord bless you thank you for your contribution towards making singaporean life better,may the lord bless you thank you for your contribut toward make singaporean live better,0,-0.0764714110115699,-0.03628044810918693,2,-0.2274148570342338,0.14572450129871178
146,I donated because I was reading God's word and was prompted. God is so good all the time.,SGD,20000,89.0,18.0,"['i', 'donated', 'because', 'i', 'was', 'reading', 'god', 's', 'word', 'and', 'was', 'prompted', 'god', 'is', 'so', 'good', 'all', 'the', 'time']","['i', 'donated', 'because', 'i', 'wa', 'reading', 'god', 's', 'word', 'and', 'wa', 'prompted', 'god', 'is', 'so', 'good', 'all', 'the', 'time']","['i', 'donat', 'becaus', 'i', 'wa', 'read', 'god', 's', 'word', 'and', 'wa', 'prompt', 'god', 'is', 'so', 'good', 'all', 'the', 'time']",i donated because i wa reading god s word and wa prompted god is so good all the time,i donat becaus i wa read god s word and wa prompt god is so good all the time,0,-0.06721805807403898,0.017975229872479227,2,-0.24288360062456657,0.49043919461131147
168,"I want this kid to heal completely and enjoy his childhood and shine on in his life.
Prayers to the kid and family. 
God bless you. Wishing you speedy and complete recovery.",SGD,5000,173.0,31.0,"['i', 'want', 'this', 'kid', 'to', 'heal', 'completely', 'and', 'enjoy', 'his', 'childhood', 'and', 'shine', 'on', 'in', 'his', 'life', 'prayers', 'to', 'the', 'kid', 'and', 'family', 'god', 'bless', 'you', 'wishing', 'you', 'speedy', 'and', 'complete', 'recovery']","['i', 'want', 'this', 'kid', 'to', 'heal', 'completely', 'and', 'enjoy', 'his', 'childhood', 'and', 'shine', 'on', 'in', 'his', 'life', 'prayer', 'to', 'the', 'kid', 'and', 'family', 'god', 'bless', 'you', 'wishing', 'you', 'speedy', 'and', 'complete', 'recovery']","['i', 'want', 'thi', 'kid', 'to', 'heal', 'complet', 'and', 'enjoy', 'hi', 'childhood', 'and', 'shine', 'on', 'in', 'hi', 'life', 'prayer', 'to', 'the', 'kid', 'and', 'famili', 'god', 'bless', 'you', 'wish', 'you', 'speedi', 'and', 'complet', 'recoveri']",i want this kid to heal completely and enjoy his childhood and shine on in his life prayer to the kid and family god bless you wishing you speedy and complete recovery,i want thi kid to heal complet and enjoy hi childhood and shine on in hi life prayer to the kid and famili god bless you wish you speedi and complet recoveri,0,-0.12100310261177467,0.24174204735030358,2,-0.535906206279692,1.8918748075422966
175,Wishing Mdm Ng a speedy recovery and able to see her family soon! God bless!,SGD,5000,76.0,15.0,"['wishing', 'mdm', 'ng', 'a', 'speedy', 'recovery', 'and', 'able', 'to', 'see', 'her', 'family', 'soon', 'god', 'bless']","['wishing', 'mdm', 'ng', 'a', 'speedy', 'recovery', 'and', 'able', 'to', 'see', 'her', 'family', 'soon', 'god', 'bless']","['wish', 'mdm', 'ng', 'a', 'speedi', 'recoveri', 'and', 'abl', 'to', 'see', 'her', 'famili', 'soon', 'god', 'bless']",wishing mdm ng a speedy recovery and able to see her family soon god bless,wish mdm ng a speedi recoveri and abl to see her famili soon god bless,3,-0.1165874519852401,0.4889184173633166,2,-0.47542163577603747,2.2574867555735656
176,To share God's blessings and praying for her speedy recovery,SGD,5000,60.0,10.0,"['to', 'share', 'god', 's', 'blessings', 'and', 'praying', 'for', 'her', 'speedy', 'recovery']","['to', 'share', 'god', 's', 'blessing', 'and', 'praying', 'for', 'her', 'speedy', 'recovery']","['to', 'share', 'god', 's', 'bless', 'and', 'pray', 'for', 'her', 'speedi', 'recoveri']",to share god s blessing and praying for her speedy recovery,to share god s bless and pray for her speedi recoveri,3,-0.10816208838232401,0.5070203406434483,2,-0.3854011039605949,1.4546183040753649
210,"she needed help, i helped. God bless",MYR,20000,36.0,7.0,"['she', 'needed', 'help', 'i', 'helped', 'god', 'bless']","['she', 'needed', 'help', 'i', 'helped', 'god', 'bless']","['she', 'need', 'help', 'i', 'help', 'god', 'bless']",she needed help i helped god bless,she need help i help god bless,0,-0.06752701113616479,0.080422120990525,2,-0.24101022944776135,0.6551908889179544
227,He looks very kind and God bless him to recover soon.,SGD,5000,53.0,11.0,"['he', 'looks', 'very', 'kind', 'and', 'god', 'bless', 'him', 'to', 'recover', 'soon']","['he', 'look', 'very', 'kind', 'and', 'god', 'bless', 'him', 'to', 'recover', 'soon']","['he', 'look', 'veri', 'kind', 'and', 'god', 'bless', 'him', 'to', 'recov', 'soon']",he look very kind and god bless him to recover soon,he look veri kind and god bless him to recov soon,0,-0.07446866735091938,0.12901277670008854,2,-0.23046440134872567,0.7266252964122496
234,"As a mother with daughter, it hurts me to see her suffer. I hope she can get the bone marrow soon. Hope she can recover and go out to play like any other kid. May God bless this little angel.",MYR,20000,191.0,40.0,"['as', 'a', 'mother', 'with', 'daughter', 'it', 'hurts', 'me', 'to', 'see', 'her', 'suffer', 'i', 'hope', 'she', 'can', 'get', 'the', 'bone', 'marrow', 'soon', 'hope', 'she', 'can', 'recover', 'and', 'go', 'out', 'to', 'play', 'like', 'any', 'other', 'kid', 'may', 'god', 'bless', 'this', 'little', 'angel']","['a', 'a', 'mother', 'with', 'daughter', 'it', 'hurt', 'me', 'to', 'see', 'her', 'suffer', 'i', 'hope', 'she', 'can', 'get', 'the', 'bone', 'marrow', 'soon', 'hope', 'she', 'can', 'recover', 'and', 'go', 'out', 'to', 'play', 'like', 'any', 'other', 'kid', 'may', 'god', 'bless', 'this', 'little', 'angel']","['as', 'a', 'mother', 'with', 'daughter', 'it', 'hurt', 'me', 'to', 'see', 'her', 'suffer', 'i', 'hope', 'she', 'can', 'get', 'the', 'bone', 'marrow', 'soon', 'hope', 'she', 'can', 'recov', 'and', 'go', 'out', 'to', 'play', 'like', 'ani', 'other', 'kid', 'may', 'god', 'bless', 'thi', 'littl', 'angel']",a a mother with daughter it hurt me to see her suffer i hope she can get the bone marrow soon hope she can recover and go out to play like any other kid may god bless this little angel,as a mother with daughter it hurt me to see her suffer i hope she can get the bone marrow soon hope she can recov and go out to play like ani other kid may god bless thi littl angel,0,0.04090499079084788,0.07469491835351974,2,0.4515225054166049,1.2362753017320458
279,I may not know you personally but I pray for your continuous healing. Praying also for strength and hope for the entire family. May we continue to strengthen our faith to the Lord during this difficult time. Offer it all to Him!God blessüôè,SGD,5000,238.0,43.0,"['i', 'may', 'not', 'know', 'you', 'personally', 'but', 'i', 'pray', 'for', 'your', 'continuous', 'healing', 'praying', 'also', 'for', 'strength', 'and', 'hope', 'for', 'the', 'entire', 'family', 'may', 'we', 'continue', 'to', 'strengthen', 'our', 'faith', 'to', 'the', 'lord', 'during', 'this', 'difficult', 'time', 'offer', 'it', 'all', 'to', 'him', 'god', 'bless']","['i', 'may', 'not', 'know', 'you', 'personally', 'but', 'i', 'pray', 'for', 'your', 'continuous', 'healing', 'praying', 'also', 'for', 'strength', 'and', 'hope', 'for', 'the', 'entire', 'family', 'may', 'we', 'continue', 'to', 'strengthen', 'our', 'faith', 'to', 'the', 'lord', 'during', 'this', 'difficult', 'time', 'offer', 'it', 'all', 'to', 'him', 'god', 'bless']","['i', 'may', 'not', 'know', 'you', 'person', 'but', 'i', 'pray', 'for', 'your', 'continu', 'heal', 'pray', 'also', 'for', 'strength', 'and', 'hope', 'for', 'the', 'entir', 'famili', 'may', 'we', 'continu', 'to', 'strengthen', 'our', 'faith', 'to', 'the', 'lord', 'dure', 'thi', 'difficult', 'time', 'offer', 'it', 'all', 'to', 'him', 'god', 'bless']",i may not know you personally but i pray for your continuous healing praying also for strength and hope for the entire family may we continue to strengthen our faith to the lord during this difficult time offer it all to him god bless,i may not know you person but i pray for your continu heal pray also for strength and hope for the entir famili may we continu to strengthen our faith to the lord dure thi difficult time offer it all to him god bless,0,-0.07821878327450235,0.05361744942742577,2,-0.36070360056419726,1.4667544626955813
298,God bless us baby‚Ä¶.. pray for your speedy recovery,SGD,5000,50.0,9.0,"['god', 'bless', 'us', 'baby', 'pray', 'for', 'your', 'speedy', 'recovery']","['god', 'bless', 'u', 'baby', 'pray', 'for', 'your', 'speedy', 'recovery']","['god', 'bless', 'us', 'babi', 'pray', 'for', 'your', 'speedi', 'recoveri']",god bless u baby pray for your speedy recovery,god bless us babi pray for your speedi recoveri,3,-0.10375887524486922,0.5849184030855874,2,-0.3993606540096414,2.068707532301976
350,God bless the family.. üíñ,MYR,20000,24.0,5.0,"['god', 'bless', 'the', 'family']","['god', 'bless', 'the', 'family']","['god', 'bless', 'the', 'famili']",god bless the family,god bless the famili,0,-0.08699353979030663,0.0883436968594868,2,-0.3059385963417548,0.8803957996398806
368,"My colleague many years ago , from Myanmar, was always very kind to me and even paid an amount for something I owed , which I didn't have a chance to pay him back for. More importantly, it's our duty as medics . God bless the people!",SGD,50000,233.0,47.0,"['my', 'colleague', 'many', 'years', 'ago', 'from', 'myanmar', 'was', 'always', 'very', 'kind', 'to', 'me', 'and', 'even', 'paid', 'an', 'amount', 'for', 'something', 'i', 'owed', 'which', 'i', 'didn', 't', 'have', 'a', 'chance', 'to', 'pay', 'him', 'back', 'for', 'more', 'importantly', 'it', 's', 'our', 'duty', 'as', 'medics', 'god', 'bless', 'the', 'people']","['my', 'colleague', 'many', 'year', 'ago', 'from', 'myanmar', 'wa', 'always', 'very', 'kind', 'to', 'me', 'and', 'even', 'paid', 'an', 'amount', 'for', 'something', 'i', 'owed', 'which', 'i', 'didn', 't', 'have', 'a', 'chance', 'to', 'pay', 'him', 'back', 'for', 'more', 'importantly', 'it', 's', 'our', 'duty', 'a', 'medic', 'god', 'bless', 'the', 'people']","['my', 'colleagu', 'mani', 'year', 'ago', 'from', 'myanmar', 'wa', 'alway', 'veri', 'kind', 'to', 'me', 'and', 'even', 'paid', 'an', 'amount', 'for', 'someth', 'i', 'owe', 'which', 'i', 'didn', 't', 'have', 'a', 'chanc', 'to', 'pay', 'him', 'back', 'for', 'more', 'importantli', 'it', 's', 'our', 'duti', 'as', 'medic', 'god', 'bless', 'the', 'peopl']",my colleague many year ago from myanmar wa always very kind to me and even paid an amount for something i owed which i didn t have a chance to pay him back for more importantly it s our duty a medic god bless the people,my colleagu mani year ago from myanmar wa alway veri kind to me and even paid an amount for someth i owe which i didn t have a chanc to pay him back for more importantli it s our duti as medic god bless the peopl,0,-0.07719753838530038,-0.01522176426670728,2,-0.2908419676173076,0.6352489373144811
378,Hope kid will recover faster soon . God bless him.,SGD,20000,50.0,10.0,"['hope', 'kid', 'will', 'recover', 'faster', 'soon', 'god', 'bless', 'him']","['hope', 'kid', 'will', 'recover', 'faster', 'soon', 'god', 'bless', 'him']","['hope', 'kid', 'will', 'recov', 'faster', 'soon', 'god', 'bless', 'him']",hope kid will recover faster soon god bless him,hope kid will recov faster soon god bless him,0,-0.07530486872002762,0.14186286792051023,2,-0.22345389532057747,0.7615831833047302
392,God bless üôèüèª,SGD,5000,12.0,3.0,"['god', 'bless']","['god', 'bless']","['god', 'bless']",god bless,god bless,0,-0.06620955010488776,0.10126762591013745,2,-0.2292608477614047,0.6449810431245052
395,Manidhar - may god give you strength and will power to overcome this situation.,SGD,5000,79.0,14.0,"['manidhar', 'may', 'god', 'give', 'you', 'strength', 'and', 'will', 'power', 'to', 'overcome', 'this', 'situation']","['manidhar', 'may', 'god', 'give', 'you', 'strength', 'and', 'will', 'power', 'to', 'overcome', 'this', 'situation']","['manidhar', 'may', 'god', 'give', 'you', 'strength', 'and', 'will', 'power', 'to', 'overcom', 'thi', 'situat']",manidhar may god give you strength and will power to overcome this situation,manidhar may god give you strength and will power to overcom thi situat,0,-0.059322896763335825,-0.0007083823561447136,2,-0.18389146709701135,0.45828256872999495
422,May the Lord bless you. May you recover and bless others in future through acts of service or in kind.,SGD,25000,102.0,20.0,"['may', 'the', 'lord', 'bless', 'you', 'may', 'you', 'recover', 'and', 'bless', 'others', 'in', 'future', 'through', 'acts', 'of', 'service', 'or', 'in', 'kind']","['may', 'the', 'lord', 'bless', 'you', 'may', 'you', 'recover', 'and', 'bless', 'others', 'in', 'future', 'through', 'act', 'of', 'service', 'or', 'in', 'kind']","['may', 'the', 'lord', 'bless', 'you', 'may', 'you', 'recov', 'and', 'bless', 'other', 'in', 'futur', 'through', 'act', 'of', 'servic', 'or', 'in', 'kind']",may the lord bless you may you recover and bless others in future through act of service or in kind,may the lord bless you may you recov and bless other in futur through act of servic or in kind,0,-0.084979383331602,0.0519227569652352,2,-0.29169723916933576,0.7086249151295073
429,I donated because we humans must help each other in times of difficulty. I pray the little boy recovers completely without suffering much. God Bless!,SGD,30000,149.0,25.0,"['i', 'donated', 'because', 'we', 'humans', 'must', 'help', 'each', 'other', 'in', 'times', 'of', 'difficulty', 'i', 'pray', 'the', 'little', 'boy', 'recovers', 'completely', 'without', 'suffering', 'much', 'god', 'bless']","['i', 'donated', 'because', 'we', 'human', 'must', 'help', 'each', 'other', 'in', 'time', 'of', 'difficulty', 'i', 'pray', 'the', 'little', 'boy', 'recovers', 'completely', 'without', 'suffering', 'much', 'god', 'bless']","['i', 'donat', 'becaus', 'we', 'human', 'must', 'help', 'each', 'other', 'in', 'time', 'of', 'difficulti', 'i', 'pray', 'the', 'littl', 'boy', 'recov', 'complet', 'without', 'suffer', 'much', 'god', 'bless']",i donated because we human must help each other in time of difficulty i pray the little boy recovers completely without suffering much god bless,i donat becaus we human must help each other in time of difficulti i pray the littl boy recov complet without suffer much god bless,0,-0.05543476862798611,0.04897856671213213,2,-0.178202849706077,0.9208817024461771
444,God has blessed me to bless others,SGD,10000,34.0,7.0,"['god', 'has', 'blessed', 'me', 'to', 'bless', 'others']","['god', 'ha', 'blessed', 'me', 'to', 'bless', 'others']","['god', 'ha', 'bless', 'me', 'to', 'bless', 'other']",god ha blessed me to bless others,god ha bless me to bless other,0,-0.07865129874897621,0.005042588382567684,2,-0.24234324469726,0.3807482228605066
510,I wish the family can reunited together and enjoy more family ties and time and my hearts and prayer for you. May God bless and heal you and speedy recovery,SGD,10000,156.0,30.0,"['i', 'wish', 'the', 'family', 'can', 'reunited', 'together', 'and', 'enjoy', 'more', 'family', 'ties', 'and', 'time', 'and', 'my', 'hearts', 'and', 'prayer', 'for', 'you', 'may', 'god', 'bless', 'and', 'heal', 'you', 'and', 'speedy', 'recovery']","['i', 'wish', 'the', 'family', 'can', 'reunited', 'together', 'and', 'enjoy', 'more', 'family', 'tie', 'and', 'time', 'and', 'my', 'heart', 'and', 'prayer', 'for', 'you', 'may', 'god', 'bless', 'and', 'heal', 'you', 'and', 'speedy', 'recovery']","['i', 'wish', 'the', 'famili', 'can', 'reunit', 'togeth', 'and', 'enjoy', 'more', 'famili', 'tie', 'and', 'time', 'and', 'my', 'heart', 'and', 'prayer', 'for', 'you', 'may', 'god', 'bless', 'and', 'heal', 'you', 'and', 'speedi', 'recoveri']",i wish the family can reunited together and enjoy more family tie and time and my heart and prayer for you may god bless and heal you and speedy recovery,i wish the famili can reunit togeth and enjoy more famili tie and time and my heart and prayer for you may god bless and heal you and speedi recoveri,3,-0.11630484221258525,0.4453102581542323,2,-0.6297215301306269,2.8925662678056394
518,"I have been in a similar situation and know that a helping hand, however small, means a lot to the donees. God bless the child!",SGD,50000,127.0,25.0,"['i', 'have', 'been', 'in', 'a', 'similar', 'situation', 'and', 'know', 'that', 'a', 'helping', 'hand', 'however', 'small', 'means', 'a', 'lot', 'to', 'the', 'donees', 'god', 'bless', 'the', 'child']","['i', 'have', 'been', 'in', 'a', 'similar', 'situation', 'and', 'know', 'that', 'a', 'helping', 'hand', 'however', 'small', 'mean', 'a', 'lot', 'to', 'the', 'donee', 'god', 'bless', 'the', 'child']","['i', 'have', 'been', 'in', 'a', 'similar', 'situat', 'and', 'know', 'that', 'a', 'help', 'hand', 'howev', 'small', 'mean', 'a', 'lot', 'to', 'the', 'done', 'god', 'bless', 'the', 'child']",i have been in a similar situation and know that a helping hand however small mean a lot to the donee god bless the child,i have been in a similar situat and know that a help hand howev small mean a lot to the done god bless the child,0,-0.08297131738014149,0.0304985987522211,2,-0.2992199684019908,0.7548258637556355
530,"Father God, we humbly pray for chee mun who are fighting Pheochromocytoma .Give him the hope and courage him need each day.Comfort him in his pain and bless him with healing.Strengthen his family,friends,and caregivers.In Jesus‚Äô name,Amen!",SGD,5400,239.0,36.0,"['father', 'god', 'we', 'humbly', 'pray', 'for', 'chee', 'mun', 'who', 'are', 'fighting', 'pheochromocytoma', 'give', 'him', 'the', 'hope', 'and', 'courage', 'him', 'need', 'each', 'day', 'comfort', 'him', 'in', 'his', 'pain', 'and', 'bless', 'him', 'with', 'healing', 'strengthen', 'his', 'family', 'friends', 'and', 'caregivers', 'in', 'jesus', 'name', 'amen']","['father', 'god', 'we', 'humbly', 'pray', 'for', 'chee', 'mun', 'who', 'are', 'fighting', 'pheochromocytoma', 'give', 'him', 'the', 'hope', 'and', 'courage', 'him', 'need', 'each', 'day', 'comfort', 'him', 'in', 'his', 'pain', 'and', 'bless', 'him', 'with', 'healing', 'strengthen', 'his', 'family', 'friend', 'and', 'caregiver', 'in', 'jesus', 'name', 'amen']","['father', 'god', 'we', 'humbl', 'pray', 'for', 'chee', 'mun', 'who', 'are', 'fight', 'pheochromocytoma', 'give', 'him', 'the', 'hope', 'and', 'courag', 'him', 'need', 'each', 'day', 'comfort', 'him', 'in', 'hi', 'pain', 'and', 'bless', 'him', 'with', 'heal', 'strengthen', 'hi', 'famili', 'friend', 'and', 'caregiv', 'in', 'jesu', 'name', 'amen']",father god we humbly pray for chee mun who are fighting pheochromocytoma give him the hope and courage him need each day comfort him in his pain and bless him with healing strengthen his family friend and caregiver in jesus name amen,father god we humbl pray for chee mun who are fight pheochromocytoma give him the hope and courag him need each day comfort him in hi pain and bless him with heal strengthen hi famili friend and caregiv in jesu name amen,0,-0.09658340156385702,-0.05952355669576842,2,-0.3528119001157962,0.7087021571078693
540,I donated this because i sympathy on his current condition and hope he can recover soon. God bless him.,SGD,5000,103.0,19.0,"['i', 'donated', 'this', 'because', 'i', 'sympathy', 'on', 'his', 'current', 'condition', 'and', 'hope', 'he', 'can', 'recover', 'soon', 'god', 'bless', 'him']","['i', 'donated', 'this', 'because', 'i', 'sympathy', 'on', 'his', 'current', 'condition', 'and', 'hope', 'he', 'can', 'recover', 'soon', 'god', 'bless', 'him']","['i', 'donat', 'thi', 'becaus', 'i', 'sympathi', 'on', 'hi', 'current', 'condit', 'and', 'hope', 'he', 'can', 'recov', 'soon', 'god', 'bless', 'him']",i donated this because i sympathy on his current condition and hope he can recover soon god bless him,i donat thi becaus i sympathi on hi current condit and hope he can recov soon god bless him,0,-0.07976178972198442,0.16295535996207644,2,-0.22581275188916508,0.7053920456695961
565,"God bless the work of your hands. Feed, teach, love the children!",SGD,10000,65.0,12.0,"['god', 'bless', 'the', 'work', 'of', 'your', 'hands', 'feed', 'teach', 'love', 'the', 'children']","['god', 'bless', 'the', 'work', 'of', 'your', 'hand', 'feed', 'teach', 'love', 'the', 'child']","['god', 'bless', 'the', 'work', 'of', 'your', 'hand', 'feed', 'teach', 'love', 'the', 'children']",god bless the work of your hand feed teach love the child,god bless the work of your hand feed teach love the children,0,-0.08544668318969725,0.051605441603837,2,-0.2737939293307888,0.733322870723683
571,It is a blessing to give and to help those in need. God bless each of them and pray for their good health and well-being.,SGD,40000,121.0,25.0,"['it', 'is', 'a', 'blessing', 'to', 'give', 'and', 'to', 'help', 'those', 'in', 'need', 'god', 'bless', 'each', 'of', 'them', 'and', 'pray', 'for', 'their', 'good', 'health', 'and', 'well', 'being']","['it', 'is', 'a', 'blessing', 'to', 'give', 'and', 'to', 'help', 'those', 'in', 'need', 'god', 'bless', 'each', 'of', 'them', 'and', 'pray', 'for', 'their', 'good', 'health', 'and', 'well', 'being']","['it', 'is', 'a', 'bless', 'to', 'give', 'and', 'to', 'help', 'those', 'in', 'need', 'god', 'bless', 'each', 'of', 'them', 'and', 'pray', 'for', 'their', 'good', 'health', 'and', 'well', 'be']",it is a blessing to give and to help those in need god bless each of them and pray for their good health and well being,it is a bless to give and to help those in need god bless each of them and pray for their good health and well be,0,0.04702653657256739,-0.03746784145740265,2,0.16377955270584718,0.793087308241143
585,My heart goes out to this sweet child and his family. May god bless him with good health. Please don‚Äôt lose hope. Our prayers are with little Manidhar!,SGD,50000,151.0,28.0,"['my', 'heart', 'goes', 'out', 'to', 'this', 'sweet', 'child', 'and', 'his', 'family', 'may', 'god', 'bless', 'him', 'with', 'good', 'health', 'please', 'don', 't', 'lose', 'hope', 'our', 'prayers', 'are', 'with', 'little', 'manidhar']","['my', 'heart', 'go', 'out', 'to', 'this', 'sweet', 'child', 'and', 'his', 'family', 'may', 'god', 'bless', 'him', 'with', 'good', 'health', 'please', 'don', 't', 'lose', 'hope', 'our', 'prayer', 'are', 'with', 'little', 'manidhar']","['my', 'heart', 'goe', 'out', 'to', 'thi', 'sweet', 'child', 'and', 'hi', 'famili', 'may', 'god', 'bless', 'him', 'with', 'good', 'health', 'pleas', 'don', 't', 'lose', 'hope', 'our', 'prayer', 'are', 'with', 'littl', 'manidhar']",my heart go out to this sweet child and his family may god bless him with good health please don t lose hope our prayer are with little manidhar,my heart goe out to thi sweet child and hi famili may god bless him with good health pleas don t lose hope our prayer are with littl manidhar,0,-0.07917284270362823,0.03322418065938376,2,-0.31956619686758797,1.431153563656665
588,It is a blessing to give when there is a need. Pray for her recovery. God bless her and her loved ones.,SGD,25000,103.0,22.0,"['it', 'is', 'a', 'blessing', 'to', 'give', 'when', 'there', 'is', 'a', 'need', 'pray', 'for', 'her', 'recovery', 'god', 'bless', 'her', 'and', 'her', 'loved', 'ones']","['it', 'is', 'a', 'blessing', 'to', 'give', 'when', 'there', 'is', 'a', 'need', 'pray', 'for', 'her', 'recovery', 'god', 'bless', 'her', 'and', 'her', 'loved', 'one']","['it', 'is', 'a', 'bless', 'to', 'give', 'when', 'there', 'is', 'a', 'need', 'pray', 'for', 'her', 'recoveri', 'god', 'bless', 'her', 'and', 'her', 'love', 'one']",it is a blessing to give when there is a need pray for her recovery god bless her and her loved one,it is a bless to give when there is a need pray for her recoveri god bless her and her love one,0,-0.11609031735469179,0.12308104974737981,2,-0.3971052318897533,1.2173263887600063
669,God bless Norman and I hope you would be able to undergo surgery,SGD,10000,64.0,13.0,"['god', 'bless', 'norman', 'and', 'i', 'hope', 'you', 'would', 'be', 'able', 'to', 'undergo', 'surgery']","['god', 'bless', 'norman', 'and', 'i', 'hope', 'you', 'would', 'be', 'able', 'to', 'undergo', 'surgery']","['god', 'bless', 'norman', 'and', 'i', 'hope', 'you', 'would', 'be', 'abl', 'to', 'undergo', 'surgeri']",god bless norman and i hope you would be able to undergo surgery,god bless norman and i hope you would be abl to undergo surgeri,0,-0.07270717045780142,0.060104883056051016,2,-0.2623916255093452,0.6572472143094906
697,"You are saving lives. Giving second chances. Filling hungry tummies. Making  tails wag in happiness. 
May almighty Allah bless you with the strength and support you need to continue the beautiful work you are doing.",USD,2000,215.0,36.0,"['you', 'are', 'saving', 'lives', 'giving', 'second', 'chances', 'filling', 'hungry', 'tummies', 'making', 'tails', 'wag', 'in', 'happiness', 'may', 'almighty', 'allah', 'bless', 'you', 'with', 'the', 'strength', 'and', 'support', 'you', 'need', 'to', 'continue', 'the', 'beautiful', 'work', 'you', 'are', 'doing']","['you', 'are', 'saving', 'life', 'giving', 'second', 'chance', 'filling', 'hungry', 'tummy', 'making', 'tail', 'wag', 'in', 'happiness', 'may', 'almighty', 'allah', 'bless', 'you', 'with', 'the', 'strength', 'and', 'support', 'you', 'need', 'to', 'continue', 'the', 'beautiful', 'work', 'you', 'are', 'doing']","['you', 'are', 'save', 'live', 'give', 'second', 'chanc', 'fill', 'hungri', 'tummi', 'make', 'tail', 'wag', 'in', 'happi', 'may', 'almighti', 'allah', 'bless', 'you', 'with', 'the', 'strength', 'and', 'support', 'you', 'need', 'to', 'continu', 'the', 'beauti', 'work', 'you', 'are', 'do']",you are saving life giving second chance filling hungry tummy making tail wag in happiness may almighty allah bless you with the strength and support you need to continue the beautiful work you are doing,you are save live give second chanc fill hungri tummi make tail wag in happi may almighti allah bless you with the strength and support you need to continu the beauti work you are do,0,-0.11503383209641659,-0.12001696265221001,2,-0.37949102827455217,0.11698053500258525
704,"Donated on behalf of Veralyn Kow Yuan Hui and Valdrien Kow Yuan Guo.

Learn to give to help someone when needed.

May God blessed Alex a Miracle Speedy Recovery üôè",SGD,5000,162.0,28.0,"['donated', 'on', 'behalf', 'of', 'veralyn', 'kow', 'yuan', 'hui', 'and', 'valdrien', 'kow', 'yuan', 'guo', 'learn', 'to', 'give', 'to', 'help', 'someone', 'when', 'needed', 'may', 'god', 'blessed', 'alex', 'a', 'miracle', 'speedy', 'recovery']","['donated', 'on', 'behalf', 'of', 'veralyn', 'kow', 'yuan', 'hui', 'and', 'valdrien', 'kow', 'yuan', 'guo', 'learn', 'to', 'give', 'to', 'help', 'someone', 'when', 'needed', 'may', 'god', 'blessed', 'alex', 'a', 'miracle', 'speedy', 'recovery']","['donat', 'on', 'behalf', 'of', 'veralyn', 'kow', 'yuan', 'hui', 'and', 'valdrien', 'kow', 'yuan', 'guo', 'learn', 'to', 'give', 'to', 'help', 'someon', 'when', 'need', 'may', 'god', 'bless', 'alex', 'a', 'miracl', 'speedi', 'recoveri']",donated on behalf of veralyn kow yuan hui and valdrien kow yuan guo learn to give to help someone when needed may god blessed alex a miracle speedy recovery,donat on behalf of veralyn kow yuan hui and valdrien kow yuan guo learn to give to help someon when need may god bless alex a miracl speedi recoveri,3,-0.11684825982402848,0.4090016157411081,2,-0.4589658471286491,1.672081446204198
709,"All the best, and god bless.",SGD,2000,28.0,6.0,"['all', 'the', 'best', 'and', 'god', 'bless']","['all', 'the', 'best', 'and', 'god', 'bless']","['all', 'the', 'best', 'and', 'god', 'bless']",all the best and god bless,all the best and god bless,0,-0.06871581111766412,0.08184634657951129,2,-0.23249554080603313,0.6379443921041499
762,I read about Alex's most unfortunate circumstances. The medical bills will surely mount and his family has to be taken care of. I wish him a speedy recovery. God bless.,SGD,3000,168.0,30.0,"['i', 'read', 'about', 'alex', 's', 'most', 'unfortunate', 'circumstances', 'the', 'medical', 'bills', 'will', 'surely', 'mount', 'and', 'his', 'family', 'has', 'to', 'be', 'taken', 'care', 'of', 'i', 'wish', 'him', 'a', 'speedy', 'recovery', 'god', 'bless']","['i', 'read', 'about', 'alex', 's', 'most', 'unfortunate', 'circumstance', 'the', 'medical', 'bill', 'will', 'surely', 'mount', 'and', 'his', 'family', 'ha', 'to', 'be', 'taken', 'care', 'of', 'i', 'wish', 'him', 'a', 'speedy', 'recovery', 'god', 'bless']","['i', 'read', 'about', 'alex', 's', 'most', 'unfortun', 'circumst', 'the', 'medic', 'bill', 'will', 'sure', 'mount', 'and', 'hi', 'famili', 'ha', 'to', 'be', 'taken', 'care', 'of', 'i', 'wish', 'him', 'a', 'speedi', 'recoveri', 'god', 'bless']",i read about alex s most unfortunate circumstance the medical bill will surely mount and his family ha to be taken care of i wish him a speedy recovery god bless,i read about alex s most unfortun circumst the medic bill will sure mount and hi famili ha to be taken care of i wish him a speedi recoveri god bless,3,-0.11175912376350168,0.5669632327389298,2,-0.501871710119481,2.33867938358985
775,God will bless Arlun and his daughter all the way.,SGD,10000,50.0,10.0,"['god', 'will', 'bless', 'arlun', 'and', 'his', 'daughter', 'all', 'the', 'way']","['god', 'will', 'bless', 'arlun', 'and', 'his', 'daughter', 'all', 'the', 'way']","['god', 'will', 'bless', 'arlun', 'and', 'hi', 'daughter', 'all', 'the', 'way']",god will bless arlun and his daughter all the way,god will bless arlun and hi daughter all the way,0,-0.07022396925046187,0.07086145003965097,2,-0.2392643708248822,0.6413661032578764
779,My prayers r with the fmly. Stay strong for Kelly. God bless you all.,MYR,20000,69.0,14.0,"['my', 'prayers', 'r', 'with', 'the', 'fmly', 'stay', 'strong', 'for', 'kelly', 'god', 'bless', 'you', 'all']","['my', 'prayer', 'r', 'with', 'the', 'fmly', 'stay', 'strong', 'for', 'kelly', 'god', 'bless', 'you', 'all']","['my', 'prayer', 'r', 'with', 'the', 'fmli', 'stay', 'strong', 'for', 'kelli', 'god', 'bless', 'you', 'all']",my prayer r with the fmly stay strong for kelly god bless you all,my prayer r with the fmli stay strong for kelli god bless you all,0,-0.027052243662088096,0.06760467745988692,2,0.1248476024988702,0.8936398294198852
822,God bless baby,SGD,2500,14.0,3.0,"['god', 'bless', 'baby']","['god', 'bless', 'baby']","['god', 'bless', 'babi']",god bless baby,god bless babi,0,-0.06381928948627272,0.08122228526109924,2,-0.2164042228190742,0.6898712530072094
839,He need to recover for his two kids and his wife. Speedy recovery Alex. God bless you and your family.,SGD,2000,102.0,20.0,"['he', 'need', 'to', 'recover', 'for', 'his', 'two', 'kids', 'and', 'his', 'wife', 'speedy', 'recovery', 'alex', 'god', 'bless', 'you', 'and', 'your', 'family']","['he', 'need', 'to', 'recover', 'for', 'his', 'two', 'kid', 'and', 'his', 'wife', 'speedy', 'recovery', 'alex', 'god', 'bless', 'you', 'and', 'your', 'family']","['he', 'need', 'to', 'recov', 'for', 'hi', 'two', 'kid', 'and', 'hi', 'wife', 'speedi', 'recoveri', 'alex', 'god', 'bless', 'you', 'and', 'your', 'famili']",he need to recover for his two kid and his wife speedy recovery alex god bless you and your family,he need to recov for hi two kid and hi wife speedi recoveri alex god bless you and your famili,3,-0.15149804041207676,0.5036391958018575,2,-0.5475566954017939,2.2113955038640625
854,I know what it feels to have to work until your bones ache to support yourself & the people you are responsible for. I wish Alex a speedy recovery! Good Bless you Alex.,SGD,3000,168.0,33.0,"['i', 'know', 'what', 'it', 'feels', 'to', 'have', 'to', 'work', 'until', 'your', 'bones', 'ache', 'to', 'support', 'yourself', 'the', 'people', 'you', 'are', 'responsible', 'for', 'i', 'wish', 'alex', 'a', 'speedy', 'recovery', 'good', 'bless', 'you', 'alex']","['i', 'know', 'what', 'it', 'feel', 'to', 'have', 'to', 'work', 'until', 'your', 'bone', 'ache', 'to', 'support', 'yourself', 'the', 'people', 'you', 'are', 'responsible', 'for', 'i', 'wish', 'alex', 'a', 'speedy', 'recovery', 'good', 'bless', 'you', 'alex']","['i', 'know', 'what', 'it', 'feel', 'to', 'have', 'to', 'work', 'until', 'your', 'bone', 'ach', 'to', 'support', 'yourself', 'the', 'peopl', 'you', 'are', 'respons', 'for', 'i', 'wish', 'alex', 'a', 'speedi', 'recoveri', 'good', 'bless', 'you', 'alex']",i know what it feel to have to work until your bone ache to support yourself the people you are responsible for i wish alex a speedy recovery good bless you alex,i know what it feel to have to work until your bone ach to support yourself the peopl you are respons for i wish alex a speedi recoveri good bless you alex,3,-0.12177176613593162,0.4170906326097481,2,-0.49095568790951793,1.4678892932203995
877,"May Sai bless all with abundance, peace and good health.",SGD,4500,56.0,10.0,"['may', 'sai', 'bless', 'all', 'with', 'abundance', 'peace', 'and', 'good', 'health']","['may', 'sai', 'bless', 'all', 'with', 'abundance', 'peace', 'and', 'good', 'health']","['may', 'sai', 'bless', 'all', 'with', 'abund', 'peac', 'and', 'good', 'health']",may sai bless all with abundance peace and good health,may sai bless all with abund peac and good health,0,-0.07916150478676748,-0.006407055541040907,2,-0.23567084155539653,0.20323585426256635
880,I know is tough journey for the little girl. Hope the little donation can help her to have speedy recovery. God bless her! Âä†Ê≤πÔºÅ,MYR,10000,126.0,24.0,"['i', 'know', 'is', 'tough', 'journey', 'for', 'the', 'little', 'girl', 'hope', 'the', 'little', 'donation', 'can', 'help', 'her', 'to', 'have', 'speedy', 'recovery', 'god', 'bless', 'her']","['i', 'know', 'is', 'tough', 'journey', 'for', 'the', 'little', 'girl', 'hope', 'the', 'little', 'donation', 'can', 'help', 'her', 'to', 'have', 'speedy', 'recovery', 'god', 'bless', 'her']","['i', 'know', 'is', 'tough', 'journey', 'for', 'the', 'littl', 'girl', 'hope', 'the', 'littl', 'donat', 'can', 'help', 'her', 'to', 'have', 'speedi', 'recoveri', 'god', 'bless', 'her']",i know is tough journey for the little girl hope the little donation can help her to have speedy recovery god bless her,i know is tough journey for the littl girl hope the littl donat can help her to have speedi recoveri god bless her,3,-0.11432873749275413,0.4879896563073856,2,-0.4437336917815189,2.129291278919936
894,May God be with you and your family. Stay strong and pray that you conquer the battle soon üôè,SGD,5000,92.0,19.0,"['may', 'god', 'be', 'with', 'you', 'and', 'your', 'family', 'stay', 'strong', 'and', 'pray', 'that', 'you', 'conquer', 'the', 'battle', 'soon']","['may', 'god', 'be', 'with', 'you', 'and', 'your', 'family', 'stay', 'strong', 'and', 'pray', 'that', 'you', 'conquer', 'the', 'battle', 'soon']","['may', 'god', 'be', 'with', 'you', 'and', 'your', 'famili', 'stay', 'strong', 'and', 'pray', 'that', 'you', 'conquer', 'the', 'battl', 'soon']",may god be with you and your family stay strong and pray that you conquer the battle soon,may god be with you and your famili stay strong and pray that you conquer the battl soon,0,-0.039833494017386235,0.041534424018019475,2,0.08490359173020397,0.886723974980764
942,Stay Strong India! God Bless You All!,SGD,5000,37.0,7.0,"['stay', 'strong', 'india', 'god', 'bless', 'you', 'all']","['stay', 'strong', 'india', 'god', 'bless', 'you', 'all']","['stay', 'strong', 'india', 'god', 'bless', 'you', 'all']",stay strong india god bless you all,stay strong india god bless you all,0,-0.034681721089904534,0.049355820138182606,2,0.09916941422572699,0.8160507489667687
952,May God grant His strength and blessings to the kid and family during this difficult time.,SGD,10000,90.0,16.0,"['may', 'god', 'grant', 'his', 'strength', 'and', 'blessings', 'to', 'the', 'kid', 'and', 'family', 'during', 'this', 'difficult', 'time']","['may', 'god', 'grant', 'his', 'strength', 'and', 'blessing', 'to', 'the', 'kid', 'and', 'family', 'during', 'this', 'difficult', 'time']","['may', 'god', 'grant', 'hi', 'strength', 'and', 'bless', 'to', 'the', 'kid', 'and', 'famili', 'dure', 'thi', 'difficult', 'time']",may god grant his strength and blessing to the kid and family during this difficult time,may god grant hi strength and bless to the kid and famili dure thi difficult time,0,-0.07883732152030179,0.008693578408496392,2,-0.30436975549097467,0.7492235186830364
967,God bless,SGD,4400,9.0,2.0,"['god', 'bless']","['god', 'bless']","['god', 'bless']",god bless,god bless,0,-0.06620955010488776,0.10126762591013745,2,-0.2292608477614047,0.6449810431245052
