comment,currency,amount
"Imagine you are Jocelineâ€™s parent, youâ€™ll definitely wish Joceline to get treatments, you wish someone can help you, someone can donate to you. Pray for Joceline will get better.",MYR,50000
"My prayers will always be with you sayang â¤.. stay strong, Get well soon..",SGD,2000
"Everyone, please donate any amount that you can. Every bit counts. Thank you!",SGD,5000
This breaks my heart seeing a young baby like this as I have a child too and canâ€™t imagine if heâ€™s my own child ğŸ¥º I hope with the small amount makes a different to you and will keep baby Niyaz in my prayers tooğŸ¥º,SGD,1000
My baby is 1 month younger then Niyaz. And I cannot imagine how the family and baby must feel. :( May Allah grant them strength and patience to overcome this test.,SGD,5000
Because it is the right thing to do.,SGD,50000
I donated because I hope this small amount helps the family financially in the medical needs of the child.,SGD,5000
"My prayers will always be with you. Stay strong, Get Well Soon â¤",SGD,2000
"There should never be a reason needed, to help others.",SGD,2000
"I just wanna help people to get a better life !!
NAM MO DUOC SU LUU LY QUANG VUONG PHAT !!
Tayata Om Bekandze Bekandze, Maha Bekandze, Radza Samudgate Soha !!!",VND,250000
"Sharing is caring, hope everything will be fine for Myanmar people!",SGD,5000
I donated because every child deserves to lead a normal life,SGD,1000
Doing what I can to help,SGD,10000
Kids on the spectrum need acceptance and the society at large to embrace them for their uniqueness as individuals. To a kinder and open society where we appreciate differences and learn to understand their daily challenges.,SGD,10000
I hope that this small amount of money will help and spread kindness. Keep fighting okay! â¤,SGD,200
I hope that this small amount of money will help and spread kindness. Keep fighting okay! â¤,SGD,350
Because I have children too.,SGD,50000
I donated because I wanted to help this poor child of 10 months old suffering from liver disease and have about 6 months to live if there is no donor available. He was born as a normal child and has not even seen or chance to see the world.,SGD,10000
My dad had the same condition,MYR,50000
i donated because it might be just a simple act of service from us but to the families and love ones of Mdm ng it meant the entire world to them. A small part of action from me and you will keep the world a better place.,SGD,2000
I want to help others to the best I can,SGD,1000
Just paying forward.,MYR,200000
Life is precious. Doing my little bit and hope it helps the family. Be strong to fight on.,SGD,5000
"ta lÃ  ngÆ°á»i Viá»‡t Nam, lÃ¡ lÃ nh Ä‘Ã¹m lÃ¡ rÃ¡ch muÃ´n Ä‘á»i! ğŸ‡»ğŸ‡³ğŸ’–",VND,100000
It is more blessed to give! :),SGD,10000
I hope that this small amount of money will help and spread kindness. Keep fighting okay! â¤,SGD,350
I hope that this small amount of money will help and spread kindness. Keep fighting okay! â¤,MYR,1500
I donated to baby Niyaz because he deserves a chance to lead a normal life at his fullest potential!,SGD,30000
I want to give back to society.,MYR,20000
"Hope the little girl recover soon, be strong mummy",MYR,5000
I hope sincerely that baby gets healed and blessed,SGD,2000
"I hope with the amount i give, it will help the family in anyway. My late father passed away recently in may due to his liver problem. Its sad for me to see such a small boy to suffer through the exact same thing. My support to the family.",SGD,150000
bakes 2 - F2E101T1,SGD,3100
We only live once...,SGD,2000
I believe all human beings deserved a second chance. Babies are a gift from Allah. Hopefully my small amount can help. May Allah protect this child from harm and may Allah also give strength to this family.,SGD,5000
A little help goes a long way. Do help if you can.,SGD,50000
Just want to give a helping hand.â˜ºï¸,SGD,1000
I donated because I try to help in whatever means I can,SGD,10000
I want to help this baby in dire need on his health condition,SGD,25000
Every child is precious,SGD,10000
I donated as I know how much it is for the family to face a load of struggles be it mentally physically and emotionally. Ever life is precious especially yound kids. I always believe that giving someone in need makes my heart happy.,SGD,10000
Giving back to the society that will help the needy !!!,SGD,10000
"A lack of generosity refuses to acknowledge that your assets are not really yours, but God's.  ~~ Tim Keller 

Just my bit. Get well soon brother",SGD,10000
My prayers for you kiddo.,SGD,10000
I donated because I want to help in my small way. Thank you for doing what you do. Linda,SGD,5000
In Syaa Allah,SGD,4000
åŠ æ²¹,SGD,5000
Hope can help some,MYR,5000
May God's mercy be with this family and the kind doctor who proceeded the operation to save this little baby's life.,SGD,5000
May Allah bless every each one of us with health and hapiness in life.,SGD,10000
"I would like to bless the children with a small token, hoping this small amount could provide them a little comfort during this period. May they continue to learn and grow in a safe and conducive environment.",SGD,50000
I donated because it hurts me to see little children suffering and not enjoying their childhood.. stay strong and recover well little gal..,MYR,5000
Hope can help some,MYR,5000
Semoga Allah permudahkan segala urusan. Amiin.,SGD,10000
I can understand how Mila feel helpless with such accidents. Hope she speedy recovery.,SGD,20000
"I donate because i want to give something..hoping it will help her in little ways, although i dont give much but its the thought",SGD,1000
Itâ€™s a worthy cause,SGD,5000
æ¯ä¸ªæœˆéƒ½ä»¥è‡ªå·±å°å°å¿ƒæ„å¸®åŠ©è¿™äº›å°å®å®ä»¬ï¼Œç¥æ„¿å°å®å®ä»¬æ—©æ—¥åº·å¤ï¼Œå¿«ä¹å¥åº·æˆé•¿ã€‚é˜¿å¼¥é™€ä½›ğŸ™,SGD,5000
Be strong! Get well soon,SGD,10000
"Canâ€™t afford to pay medical bill really feel helpless, try our best to help whoever is needed.",SGD,2000
Everyone has a chance to live and money should be the last thing this family needs to worry about. Let's help them through this!,SGD,10000
I hope she'll get well soon â™¡,MYR,1000
Because we never stop helping and to give the parents a chance to not stop fighting.,SGD,5000
We should help each other to never give up,SGD,800
Let's give the baby a chance to live and the mother a chance to love her baby.,SGD,10000
Stay strong baby â¤ï¸,SGD,3000
"I donate because, I just want to help, and wish this baby will recover from her illness. Parent of this baby please be strong... prayers for the family.",SGD,3000
I care,SGD,5000
Sometimes we got to understand and try to be in someoneâ€™s shoes.,SGD,1000
Bakes 2 - F2E100T1,SGD,2500
I donated because I want to help another Being reduce some of his suffering.,SGD,2000
These are dire times.  We canâ€™t stand aside and do nothing while our brothers and sisters starve.  The government needs to give them relief funding.,MYR,90000
Out of Godâ€™s love for me and even more for those in need!,SGD,5000
It's heartbreaking for the family.,SGD,10000
May God make it easy for Baby Niyaz and his parents.,SGD,2000
"I am saddened to see a young boy like Manidhar suffer from blood cancer. I hope that with the little token - he can be given a new hope, an opportunity to get the treatment he needs to recover. I say ""Stay strong and get well soon!!""",SGD,5000
"May god shower his blessings to Mani,speedy recovery to you dear.",SGD,5000
We care and wanted to give him the hope for a miracle to happen. In Sha Allah. May you recover well and  be strong. We love you. Aamiin.,SGD,5000
I pray and hope these twins grow to be healthy children. May their parent have peace of mind.,SGD,20000
Young family needs support,SGD,5000
I feel happy to be able to help others,SGD,10000
To support the needy . Small contribution,SGD,5000
ğŸ¥°ğŸ¥°ğŸ¥°,USD,500
Bakes 2 - F2E96T1,SGD,2300
I donate because everyone deserve to a chance to live.,SGD,5000
I donated to assist a poor family.,MYR,20000
Get well soon...,SGD,5000
ğŸ¥°ğŸ¥°ğŸ¥°,VND,100000
I donated because I want the family to know that there is still hope & do not give up. May Allah S.W.T give you strength to go through this difficult times & may you be rewarded for your patience in HIM.,SGD,100000
I wish all cats to be healthy and get all the medical treatment they need.,SGD,4000
every bit helps. hoping the money i've donated and others have donated will greatly benefit Manidhar :) God bless!,SGD,500
Just doing my part to give back to the community.,SGD,10000
Just helping others with what i have.,SGD,5000
I believe even small contribution could make a difference,SGD,5000
I loving helping others,SGD,5000
Giving is not just about making a donation it is about making a difference.,MYR,10000
Bakes 2 - F2E95T1,SGD,3300
I donated because people in need still can eat healthily and enjoy a better life.,SGD,2000
Stay strong little baby! Fight it thru for your parents who loves you and they will fight thru this ordeal with you!,SGD,10000
To help anyone who's do desperately in need,MYR,20000
All living things are God creations and we must love them. Thank you to all the kind and loving people caring and taking care of these animals. I pray that God will bless them and all the animals.,SGD,5000
Giving is not just about making a donation. It is about making a difference,SGD,20000
"We want to help other children because God blessed us with many things: a happy home, a school, talent, and amazing people who love us. We want to love others by blessing others with what we do - painting.  Bless you, *hearts*",SGD,20000
Get well soon,MYR,30000
I donated because we want the best for all babies. We donâ€™t want any babies to suffer. Please donate while you can :),SGD,10000
May it be a little easier for you,SGD,2000
I love the ocean. And I want to support the work that Delphine and Sian are doing so passionately.,USD,2000
To help the needy with basic needs.,MYR,10000
Doing my part to help the baby.,SGD,5000
I donate because there are others more in need.,SGD,15000
Jiayou!,SGD,3500
hope he can speedily recover.,SGD,5000
because I want to help,MYR,40000
ğŸ™,SGD,10000
God bless you all I will try to help more when I can,SGD,216000
I will try to help when I can God bless you all,THB,1000000
"Please get well soon, bro",SGD,5000
Cáº§u mong chÃº sá»›m khá»e máº¡nh,VND,500000
I donated because I want to help my neigbour - Malaysian.,SGD,20000
because request was received through email.  I beleive amount above S$ 50 will qualify for tax relief. FIN details has been provided.,SGD,5100
Felt Jesus's love for precious Joceline. Just doing my part to bless her and hope that the fund collective effort will come to fruition soon.,MYR,50000
pray for my baby too,MYR,5000
Hope baby Niyaz will grow up a strong and healthy baby.,SGD,4000
I pray that you recover well and fast. AMTF!,SGD,5000
Children and animals are our inspirations. It is all for our next generation ~,SGD,10000
and prayers for your complete recovery...,SGD,5000
May the Lord bless you. Thank you for your contribution towards making Singaporean lives better.,SGD,50000
There is nothing so beautiful as a happy child.,SGD,20000
Hope he can recover and reunite with his family soon.,SGD,2000
åŠ©äººä¸ºæœ¬,SGD,2000
Hopefully my donation will be a witness in the day of judgement of what i do with the little money i had today. Hopefully it will be a reason for me to enter Paradise.,SGD,10000
Get well soon. God bless.,SGD,50000
Sharing is caring.,SGD,5000
"I believe in miracles, Insyaallah Syafakallah baby Niyazâ¤ï¸",SGD,1000
Giving a chance to who value a family.,SGD,5000
nothing,SGD,10000
"""Kindness is spreading SUNSHINE into people's lives regardless of the weather""",SGD,5000
I donated because I am also a cancer patient.,MYR,10000
For the family,SGD,1000
I feel for you....,SGD,5000
Donated coz I want to believe that there is still humanity and compassion to each and everyone of us and we should help one another in whatever way we can...the world will be a much better place.,SGD,50000
I donated because we should all be kinder and help each other in need.,SGD,5000
want to help,SGD,500
Hope little Joceline will recover and be away from all sufferings soon.,MYR,10000
"give asia has also helped my son, its time to give back to someone who needs our help, wishing full recovery to little one...",MYR,20000
"I know this is just a small amount but i know this can go a long way, my prayers are with you. I am also an ofw here and it is tough to be one, especially with your case, Get better soon! Stay strong!",SGD,3000
I donated because I was reading God's word and was prompted. God is so good all the time.,SGD,20000
Every child needs an opportunity!,SGD,10000
Help of good cause. Every baby deserves to live.,SGD,2000
I want to help the family and want Chloe to recover and heal.,SGD,2000
I'm a mother of 3 and also a nurse...it hurts me to see a young life who was a bout to see this beautiful world had to go thru all the sufferings...may he be strong and recovers...my prayers are with u baby boy ..get well soon baby...,SGD,8000
Babies are the purest and the most innocent beings in the world! They deserve to live .,SGD,3000
"I donate in the name of our Lord Jesus.
Jesus saves and heals. God blesses and provides.",SGD,25000
ğŸ™,SGD,10000
To help baby. Noone becomes poorer from giving...,SGD,5000
Itâ€™s the right thing to do within my capacity.,SGD,3000
From a friend to Baby Niyaz so that he will be well soon and I can play with him when I come to his house.,SGD,500
I donate because each one deserves a better life.,SGD,50000
I hope the baby will recover from his illness.,SGD,20000
simpity with the kid.. I also have grandchildren l may help little today but am not sure who will help us when qe ned tne most..,SGD,1000
å¸Œæœ›é€™å€‹å­©å­å¾—åˆ°å¥½çš„æ²»ç™‚ï¼Œèº«é«”èƒ½æ¢å¾©å¥åº·,SGD,5000
A small contribution to thank everyone for doing good for the autism community. To families with autism family members: never give up!,SGD,5000
Be a small part in making sure Manidhar recovers and gets well soon. Pray for his speedy recovery ğŸ™ğŸ™ğŸ™,SGD,10800
May Allah ease your affairs and grant full syifa' to Niyaz. He will not give you more than what you can handle! Stay strong :),SGD,18000
I donated because every cent counts,SGD,25000
I hope baby gets a suitable donor!,SGD,25000
"I donated because the kids deserve the opportunity at life, to learn to be independent and be able to feel that they can contribute to society as well.",SGD,10000
if you can help just help la...:),SGD,6000
"I want this kid to heal completely and enjoy his childhood and shine on in his life.
Prayers to the kid and family. 
God bless you. Wishing you speedy and complete recovery.",SGD,5000
To help,SGD,28000
Itâ€™s nice to.,SGD,2000
There are more unfortunate people than us.,SGD,20000
I have friends who have a 5 year old son fighting for his life with meludoblastoma. (Brain Cancer) They are blessed to have full comprehensive health insurance for their son. Money must not be an issue. Go little hero.. You can make it.,SGD,10000
It is just a small contribution.,SGD,5000
Kindness matters,SGD,10000
Wishing Mdm Ng a speedy recovery and able to see her family soon! God bless!,SGD,5000
To share God's blessings and praying for her speedy recovery,SGD,5000
"Our hearts are with you, we pray and hope Joceline will have a successful transplant.",MYR,320000
Cáº£m Æ¡n má»i ngÆ°á»i ^^,VND,240000
He is a great father. Hope he recover soonğŸ™,SGD,5000
Every breath matters ğŸ™,SGD,10000
In support of Audi's efforts in allowing the less fortunate to live better.,SGD,10000
Cumulative Small support can support big cause,SGD,5000
More blessed to give than receive,SGD,2000
In support of Audi's efforts in helping out the needy in the community.,SGD,10000
In support of Audi's efforts to give others a better life.,SGD,10000
"The true measure of a man is how he treats someone who can do him absolutely no good. â€” Samuel Johnson

Saving one Animal won't change the world, but the world will change for that one Animal.",THB,200000
I donated because me too is a cancer patient having problem in blood. I know how hard it is for you baby and your parents. I pray to God to heal you and comfort you through out the procedure. Godbless you and keep you.,MYR,20000
"I donated because it make me and my family happy to help others in need. If you in a position to help, please help.",SGD,10000
"Letâ€™s help ease the affairs for this family, letâ€™s give them hope and an opportunity for the little one to grow and meet the loving parents.",SGD,5000
In support of Audi's efforts to allow others to have a better life.,SGD,10000
Get well soon Manidhar! You are a very strong boy and will win over this battle. Our best wishes with you and your family,SGD,15000
"This pandemic is affecting us in ways unforeseeable. The economic divide will grow wider, the poor and disadvantaged will find it almost impossible to catch up. We have to try help, in whatever way possible.",SGD,15000
giving a hand to the child.,SGD,1000
I just to help only.ğŸ™ğŸ™ğŸ™,SGD,3000
Please help the little one gets another chance in life,MYR,5000
I believe she will grow up to be a strong ladyâ€¦. Inspiring others,MYR,10000
Hope everything going smooth,SGD,1000
"I donated because every child deserves a wonderful childhood. Get well soon, Manidhar, this too shall pass.",SGD,5000
Sharing kindness is a blessing in disguise. Giving is a kind of joyâ€¦..,SGD,5000
I am a parent myself. I would definitely wonâ€™t want anything happen to my children. I hope Manidhar get the necessary funding and have a speedy recovery.,SGD,5000
because i support Pawan,SGD,25000
I donated because you have a similar case with my mum. My mum was also under social visit pass. The cost of visiting public or private hospital is the same. i truly understand your situation.,SGD,5000
I wanted to help the baby so that she can enjoy the life ahead of herâ¤ï¸ Life is beautiful and she should see the world ğŸŒ,SGD,5000
To support him and his family in these difficult times,SGD,20000
Kid life need to be saved at any cost,SGD,5000
Bakes 2 - F2E86T1â€,SGD,1500
ğŸ™ğŸ™ğŸ™,MYR,5000
this is a worthy cause,SGD,5100
To help her have hope in trying times,SGD,10000
"she needed help, i helped. God bless",MYR,20000
"Friend shared me this case, the baby is suffering this tragedy, hope the minor help can do some support! Stay strong baby!",SGD,5000
Hope this little contribution will help ease the new parentsâ€™ burden,SGD,2000
Donating for educational packages for 2 kids in memory of my late wife. She was an ambassador for education of kids.,SGD,50000
å¸®åŠ©æœ‰éœ€è¦å¸®åŠ©çš„äºº,SGD,1000
"I donated because these people are in a far worse off position than I am, and I want to know that I have made a change in the world for the better.",SGD,8000
What an inspiring project that brings out the beauty of cancer patients and the young fund raisers who bring hope to them!,SGD,5000
I donated because i would like to offer my helping hands to make a different in ppl lives,SGD,10000
Hope it could help her,MYR,20000
Hope the kid gets the funding and recover soon,SGD,15100
hope can help the person who needs help.,SGD,2000
Pray for you and your little girl,MYR,20000
"To be able to donate is a blessing. Let's give blessing to the needy to share, care for them",SGD,5000
I support the organisation works and efforts.,SGD,100000
Every baby deserve a chance to live we do what we can to help,SGD,2000
God bless you baby â¤ï¸ get well soon ğŸ’,SGD,1000
May this small gift provide hope and smiles to families in Malaysia who are suffering disproportionately during this time. We pray for you.,MYR,40000
He looks very kind and God bless him to recover soon.,SGD,5000
For Manidhar treatment in SINGAPORE,SGD,5000
Hy vá»ng SÃ i GÃ²n luÃ´n bÃ¬nh yÃªn . ChÃºc cho nhá»¯ng quá»¹ luÃ´n trÃ n Ä‘áº§y nhiá»‡t huyáº¿t . YÃªu má»i ngÆ°á»i ráº¥t nhiá»u ah,VND,480000
Chá»‰ mong chÃº mau khá»e.,VND,250000
Every child deserves not to worry about financial cost. May you get well soon and get to enjoy your childhood..,SGD,25000
Aman Indajang and Gho Kui Bwe,SGD,1000
I donate because not easy to raise autism children. Hope this fund will help them,SGD,10000
"As a mother with daughter, it hurts me to see her suffer. I hope she can get the bone marrow soon. Hope she can recover and go out to play like any other kid. May God bless this little angel.",MYR,20000
She's a young single mother... she needs support.,SGD,25000
Gho Kui Bwe and Aman Indayang,SGD,1000
"I wanted to help the parents to achieve the needed fundraising goal. And I wish baby Chloe have a chance to live, I will pray for her successful operation and speed recovery",SGD,2000
Wish my donation will help out the little children and METTA..,SGD,10000
Bakes 2 - F2E89T1,SGD,1600
"My family donated because we believe we should help each other, we wish Manidhar all the best with his treatment.",SGD,5000
A sick person needed help,SGD,10000
å•Šå½Œé™€ä½›å‡ºä¸€ä»½åŠ›ï¼Œä¸€ä»½å…¬å¾·å¿ƒã€‚ã€‚å¸Œæœ›èƒ½å¤Ÿè®©å…¨ä¸–ç•Œçš„äººå¯åˆåŠ›å»å¸®åŠ©æœ‰æ›´éœ€è¦çš„äººå£«ã€‚ã€‚,SGD,1000
I want to help people in need.,SGD,5000
This kid deserves to live and I really hope his treatment goes well and to become healthy and happy,SGD,2000
Speedy recovery,MYR,10000
ğŸ™ğŸ»,SGD,5000
Take care and speedy recovery little child,MYR,20000
åŠ æ²¹,SGD,1000
His mother waiting he go back,SGD,3000
Mong chÃº mau khá»e vÃ  dá»‹ch mau qua.,VND,100000
"Being retrench recently, I am aware on the fear of the unknown esp that Malaysia is still facing extended lock down... Thus, Sending love from SG & May we trust that He is  Jehovah Rapha & our provider <3",MYR,40000
Charity begins with you,MYR,20000
"I donated because my mom has a same situation many years back, she has insurance to support her the entire ops. Please help Auntie. I know Gleneagles Dr Ngoi. He is the surgeon whom help my mom recovered from colon cancer",SGD,10000
"nobody wants to be in this situation. we help while we can.
when someone ask for help in finances, it is more than an ask, because he/she has put down everything to ask. 
let us all try to help :)",SGD,5000
Jiayou!hope u recover soon!,SGD,1000
I donated in honor of NCT Mark Lee's birthday â™¡ Mark is also a Christian and I wanted to celebrate his birthday by helping out others in God's kingdom :)),USD,2300
"I feel so much for the situation thatâ€™s happening in India from news articles, friends and videos being shared. Itâ€™s horrible and I would never want that situation to happen to anyone ever. 

As fellow humans, we need to help each other",SGD,10000
we have to treat it as family on the earth.,INR,50000
åŠ©äººæº«é£½ï¼Œä»–å€‘æ‰æœ‰å‹•åŠ›,MYR,10000
"I donated because he deserves to see the world and grow. As a kid, he deserve to have a wonderful childhood to remember. But with his strength and bravery, I want to believe he can pull through. Keeping you in my prayers.",SGD,5000
It is the right thing to doâ€¦,SGD,5000
I donated because I know her since high school and I am ofw as well. I hope this small amount can help here medical needs,SGD,5000
In remembrance of Ying and support of CEP,SGD,10000
"TBSS has a sister company in Vietnam, Cong Ty TNHH Cong Nghe va giam Sat Radar TBSS.  Our director who stations in HCMC has been there for years, he is now fighting with the people against the pandemic.",VND,5000000
I received it from my friend..,SGD,5000
Small amount but we hope it helpa,SGD,2000
"To kids family members, remember to take care of yourselves in order to show up better for you and your kid. Have faith and stay strong ğŸ’ª you can do this!",SGD,5000
I donated because Jocelinâ€™s so young and deserved to recover and to continue her life in this world. Similar transplant was advised to my dad and totally understood the pain to be endured by the kid. Please support her!,MYR,40000
"Although a small amount. I hope he is able to recover with a peace of mind, without worrying about the finances.",SGD,1000
We careâ€¦,SGD,100000
Jiayou!Theres lots of love in this world,SGD,2000
All is well,SGD,5000
If I draw near to God and the love of Jesus. Jesus will set us free,SGD,500
I'm also a chef. åŠ æ²¹,SGD,5000
a few more donations before we reach our target goal of $5000!!!,SGD,2000
Just to help the less fortunate one,MYR,20000
"He deserve a healthy child life, If my small contribution can help him to get it back then I consider myself a lucky person,
All, I urge you to please do your share, there is no language, religion or country more than the humanity.",SGD,20100
To help a fellow Christian in need.,SGD,10000
I may not know you personally but I pray for your continuous healing. Praying also for strength and hope for the entire family. May we continue to strengthen our faith to the Lord during this difficult time. Offer it all to Him!God blessğŸ™,SGD,5000
Helping others is the source of happiness,SGD,3000
All the best,SGD,3000
I hope he can recover and reunite with his family in Malaysia.,SGD,5000
We need to help each other,SGD,2000
æˆ‘å¸Œæœ› æˆ‘èƒ½å¤Ÿå¸®åŠ©æ›´å¤š æœ‰éœ€è¦å¸®åŠ©çš„äººğŸ‘ğŸ‘,SGD,2000
Wishing the boy and his family all the happiness in the world.,SGD,5000
Pay it forward,SGD,3000
"Helping fellow Malaysians stuck in singapore during this pandemic, unable to see his family",SGD,1000
I donated because someone needs my help and every cent no matter how big or small can help a person in need.,SGD,1000
CHÃšC CHÃš MAU CHÃ“NG Há»’I PHá»¤C,VND,1000000
Háº¡nh phÃºc lÃ  cho Ä‘i Ä‘Ã¢u pháº£i nháº­n riÃªng mÃ¬nh.,VND,500000
I love cats,SGD,5000
I donated because i know how hard Kelly is going through right now. A small donation if there will be lots of people will do this can be of great help to the family. May she be healed completely.,MYR,20000
Itâ€™s a good cause and Iâ€™m touched by the childrenâ€™s efforts,SGD,10000
"Itâ€™s happy to hlp someone in needs,ğŸ˜˜",SGD,5000
Speedy recovery,MYR,20000
å°½ç»µè–„ä¹‹åŠ›,SGD,3000
Not easy to ppl who who overseas. Hope he will get will soon ğŸ™,SGD,3000
God bless us babyâ€¦.. pray for your speedy recovery,SGD,5000
I donated because i have kids myself and i hope that they will grow up to be healthy and happy,SGD,5000
"I donate because I would like to contribute a little bit my effort to everyone , help them have a better life.",VND,500000
I hope she gets well soon without worrying about her medical expense.,SGD,5000
èƒ½å¸®ä¸€ç‚¹æ˜¯ä¸€ç‚¹ğŸ™ğŸ»,SGD,2000
Donâ€™t give up and keep fighting. Be strong the parents.,MYR,13000
i want her to be able to recover and go back home to see her grandchildren again,SGD,10000
Just want to help those in need.,MYR,13000
Hope recover soon!!,SGD,5000
I donated on humanitarian ground. It's very difficult to raise 7 children.  If they are adults then they can work n help out. All the best to her.,SGD,5000
This was my first ever paycheck and I wanted to donate a part of it to a cause that is very near and dear to my heart :),MYR,10000
æ—©æ—¥åº·å¤,SGD,2000
Reminded me of my late son.,SGD,1000
May the Merciful Buddha keep u blessed n protected from all harm ğŸ™Om Mani Padme HumğŸ™ æ—©æ—¥åº·å¤,SGD,5000
It is good,USD,500
åŠ©äººä¸ºä¹ï¼Œå°å°å¿ƒæ„ï¼Œï¼Œæ„¿ä¸–ç•Œæ ¹ç¾å¥½,SGD,5000
å¸Œæœ›å¸Œæœ›ä½ ä»¬é•¿å¤§ä»¥åï¼Œå¯ä»¥é€ ç¦ç¤¾ä¼šï¼Œå¸®åŠ©æ›´å¤šäººã€‚,SGD,5000
To support the donation.,SGD,1000
â€œHe heals the brokenhearted and binds up their wounds.â€ â€” Psalm 147:3,SGD,30000
å¸Œæœ›ä½ å¯ä»¥èµ°åï¼Œè¦å‘Šè¯‰åˆ«äººï¼Œä¸è¦æ”¾å¼ƒç”Ÿå‘½ï¼Œè¦å¥½å¥½æ´»ç€ï¼Œäººé—´æœ‰çˆ±ã€‚,SGD,5000
Wish and blessings to recover quickly. Wish healthy and long life,SGD,5100
.,VND,34000000
A bit of contribution from everyone can give people in need hope to live on. Itâ€™s worth it.,SGD,2000
I donated because I'm a healthcare professional (been a nurse for the last 30yrs) and I understand how important it is for everyone to have good mental health,SGD,10000
"We donated because we need to help each other in times of need. We help because if we were in a disadvantaged position ourselves, we would want to be helped.",SGD,26000
ä½ ä¸€å®šä¼šå¥½èµ·æ¥ï¼Œå¸Œæœ›ä½ å¥½äº†ä»¥åï¼Œå¯ä»¥æŠŠçˆ±è½¬ç»™ä¸–äººã€‚,SGD,5000
"""As one person I cannot change the world, 
But I hope I can change the world of one person.""",SGD,5000
"Get well soon, 
Myanmar.",SGD,1000
Would like to give people in need hope for better life.,SGD,3000
Hope baby can alive a new life,SGD,2000
I willing to help people especially Burmese.,SGD,3000
"I donated because I am a cancer survivor, and I can truly understand how much pain it is to go through it. Keep fighting, Miguel!",SGD,3000
My cousin had leukemia and he passed on at the age of thirteen. At that time i was a secondary school student and I didnâ€™t know how to help him. At least now im happy that i can help with my contribution. Praying for his speedy recovery.,SGD,5000
All the best for all the good work.,MYR,20000
I hope Mila can receive the medical treatment she needs.,SGD,200
Every child deserves to live. The Almighty has gave us this opportunity to help. May Manidhar have a complete recovery.,SGD,3000
Can help people who really need care and love. Hope all people include my family health and happy always. From George Oo Hong Yi,SGD,1000
I want to help others who are in need to share the love of Jesus,SGD,10000
æ—©æ—¥åº·å¤,SGD,2000
I helped because I went through before during my young adult days and I totally understand how it is like. I have received help and my life is never the same as before.,SGD,50000
å¸Œæœ›æ—©æ—¥åº·å¤ï¼Œæ‚¨æ¯äº²è¿˜åœ¨å®¶é‡Œç­‰æ‚¨ã€‚,SGD,5000
Its my duty to help fellow muslim..and I pray that she will be go thru this with Allah help and blessing....,SGD,5000
My prayers be with you kid. May Allah help you heal fast.,SGD,5000
Get well soon to him,SGD,500
"God plz save the boy, thank you.",SGD,20000
å°å°å¿ƒæ„å¸Œæœ›å¯ä»¥å¸®åŠ©åˆ°ä»–äºº,SGD,5000
Thank you Joy Foundation for helping people in need in this pandemic.,VND,500000
Amitabha.,SGD,5000
"I donated because when those of us who have more share with those who have less, we can have a better society.",MYR,92000
Its just my very small of way contributing towards a childs well being and also feeling gratitude towards god for his grace on us.,SGD,50000
D world is filled with LOVE,MYR,16000
Hope everyone is safe and well,SGD,3000
God bless the family.. ğŸ’–,MYR,20000
I wish him a speedy recovery!,SGD,10000
åŠ æ²¹ï¼,SGD,10000
Wish you recover soon,SGD,2200
To assist within our affordability.,SGD,10000
I hope he will recover soon. Jia you!,SGD,2000
LOVE,MYR,6300
Donated because kid n he needs to get well soon,SGD,3000
"Seeing a loved one fighting cancer is tough, please stay strong, keep positive mindset specially around Manidhar, do motivate him. Dont lose hope, keep praying, Singapore medical facilities are great, doctors will do their best.Hare Krishna",SGD,10000
support my friend Shu Juan,SGD,5000
So much left to see Manidhar. Be strong and I'm sure you'll get thru this.  I pray God to give you all the strength. Get well soon.,SGD,50000
Everyone deserves a help,SGD,5000
Help anyone in need when you are able to.,SGD,10000
"I donated because I hope to give these children hope, strength and joy while they fight their battles! ğŸ™ğŸ¼",SGD,5000
I believe that good things always return to me..,SGD,500
I hope he can help those in need in the future and pass on the love to others,SGD,2200
I wish that she has a speedy recovered from her illness and able to return home to the loving care of her family and friends,SGD,5000
Please get well soon!,MYR,10000
"My colleague many years ago , from Myanmar, was always very kind to me and even paid an amount for something I owed , which I didn't have a chance to pay him back for. More importantly, it's our duty as medics . God bless the people!",SGD,50000
ç¥æ„¿æ—©æ—¥åº·å¤,SGD,2000
"We love the CEP community and the very important, tireless and life-giving work they do â¤ï¸",SGD,50000
Hope he recovers soon.,SGD,5000
An incredible doctor with a big heart! â¤,SGD,50000
Donated to help the fight against COVID-19,SGD,2000
Speedy recovery.,MYR,20000
small contribution,SGD,2000
Jia you. å¦ˆå¦ˆç­‰ä½ å›å®¶,SGD,1000
ç¥ç¦æ‚¨æ—©æ—¥åº·å¤,SGD,5000
Hope kid will recover faster soon . God bless him.,SGD,20000
I am glad to be of help to someone who needs to overcome his current health issues.,SGD,5000
"I wish to see these children to have a better educations in spite of their born autism  conditions !
GOD Blessings to all these children !",SGD,3000
It makes me feel good to be able to help another living being.,SGD,5000
"If God were to give him a chance to live again, we should help to make sure he lives for the betterness in life. Please do good in return for good.",SGD,3000
"Hope our token of contribution can help in chee mun's medical expense.
... JT_ML",SGD,20000
Share of love,SGD,2000
I want to,SGD,1000
The youth today are our leaders n change makers for tomorrow.,SGD,10000
We want donate this money to cover his medical expenses.  Will pray Almighty for his speedy recovery.,SGD,10000
i donated because i truly believe in this cause and want to do my part to fulfil these childrenâ€™s wishes and bring joy into their lives :),SGD,500
May have a speedy recovery.,SGD,2000
I hope they have bright future same and others.,SGD,3000
ä¸€ç‚¹å¿ƒæ„â€¦å¸Œæœ›å‡ºä¸€çˆ±å¿ƒï¼Œæ›´å¸Œæœ›ä»–æ—©æ—¥åº·å¤ï¼èº«ä½“å¥åº·ï¼Œå®‰å¥½ï¼å›é¦ˆç¤¾ä¼šäººäººæœ‰è´£ğŸ™ğŸ»,SGD,5000
God bless ğŸ™ğŸ»,SGD,5000
Myanmar needs help,SGD,2000
Wishing her to speedy recovery soon.,SGD,3000
Manidhar - may god give you strength and will power to overcome this situation.,SGD,5000
â¤ï¸,SGD,2500
I hope this sweetness of mine can help those in needğŸ˜Šâ¤ï¸,SGD,5000
Helping needed,SGD,3000
it came to mind today. I found out about it long ago on a youtube channel called asianboss. I was very touched by the story.,USD,6000
Take care.. Good luck,SGD,2000
I donated because I feel sorry for abandoned and homeless kitties. The whole community shoukd play a part in helpingğŸ™,SGD,5000
I want Mila's children to see her mother.,SGD,5000
why not,SGD,2000
åŠ æ²¹,SGD,2000
"Grow well and stay strong. Love, Nyla and Lina",SGD,2000
Be kind to others,SGD,90000
Sharing love is beautiful.,SGD,10000
Hope both siblings will grow up healthy and the parents to be less financially strained :(,MYR,7800
Be someone sunshine and do our best to contribute to tis society...,SGD,5000
i donates because i want to give a little help to the needy.,SGD,5000
"In this pandemic, we should help each other especially the one that far away from family like Malaysian in Singapore. Stay strong brother",SGD,500
I feel the pain.,SGD,5000
èƒ½å¸®å°½é‡å¸®æ›´æœ‰éœ€è¦çš„äºº,SGD,5000
Help to save the life. Every bit counts.,SGD,15000
"Provide help when a fellow countryman is in dire straits, hope he would have a speedy recovery as his kids are still way too young",SGD,5000
Nothing,SGD,1000
I want to give back to the needy while I can help,SGD,5000
å°å°å¿ƒæ„ ç¥ä½ æ—©æ—¥åº·å¤ åŠ æ²¹,SGD,5000
I care,SGD,10000
"From one mom to another, stay strong and wishing you & your children a bright future ahead.. From seeing your photos alone I feel you are a beautiful person & doesn't let life gets you down. Love and hugs!",SGD,10000
To help the poor strays been abandoned by heartless owners.,SGD,5000
May the Lord bless you. May you recover and bless others in future through acts of service or in kind.,SGD,25000
Praying for you!,SGD,5000
I care,SGD,2000
Giving back to the society.,SGD,500
åŠ æ²¹ï¼æ’‘ä¸‹å»,SGD,2500
"Helping someone in need is a part of humanity.  Let us support him and lend him a hand. He's now depending on kindness of strangers- doesn't matter how small. Let's do more than caring, let's actually help when we can.",SGD,1000
I donated because we are living in this unprecedented time during this pandemic where many have been negatively impacted in one way or another. We are thankful for being able to help some of these people. Hope we'll ride out this soon.,SGD,25000
I donated because we humans must help each other in times of difficulty. I pray the little boy recovers completely without suffering much. God Bless!,SGD,30000
Giving back to the society.,SGD,500
I understand his situation now,SGD,3000
Hope get well soon be strong,SGD,2000
it is good to save human's life. even small amount can help the kind family if add on.,SGD,5000
I love the spirit with which you guys take up causes. More strength to you ! Poj,SGD,50000
åŠ æ²¹ğŸ’ªğŸ» å¿«å¿«å¥½èµ·æ¥,SGD,5000
Hope will be getting health,SGD,1000
he is just like family that needs help,SGD,5000
"I donated as I wish to contribute to the kittens in my own way. 
I understand everyone has their own challenges, but let's do our part to extend some love and kindness to each other",SGD,3000
Get well soon,SGD,1200
Just a small gesture to help another human being..,SGD,5000
Just wanna do my part.,SGD,5000
I hope that he and the family members donâ€™t have to worry about paying back the medical expenses after his recovery. Jia you! Rest well!,SGD,2000
Just a little help that's within my ability to give. Hope for the best for them.,SGD,1000
God has blessed me to bless others,SGD,10000
å¸Œæœ›ä»–ä»¬èƒ½åº¦è¿‡éš¾å…³!,SGD,2000
Give our best to help,SGD,2000
CEP did so much for our marriage. Please continue your good work,SGD,25000
I feel for the people of India... This pandemic can help awaken more compassion n unity of the nation and the planet. Help wherever you are to those in need! Let india know you care.,SGD,22200
æ…ˆæ‚²å¿ƒ,MYR,1000
ç”Ÿå‘½å¯è´µ,SGD,1100
I hope my donation will allow the patients to just focus on recovery and not worry about financials,SGD,15000
I'm touched by his story of working hard to support his family in msia. Hope more people will help him â¤ï¸,SGD,3000
åŠ æ²¹ğŸ’ªç¥ä½ æ—©æ—¥åº·å¤,SGD,7000
å¸Œæœ›æ—©æ—¥åº·å¤,SGD,1000
"I care, thank you to all the migrant workers for their contributions. Bless all",SGD,2000
Speedy recovery ! From HMR .,MYR,5000
Speedy recovery ğŸ’ªğŸ»,SGD,1000
"We canâ€™t help everyone,but everyone can help someone

Pray that baby ishan,speedy recovery back to his family.",SGD,1000
Inspired by the young charitable hearts,SGD,1000
This is a good cause and one to be supported.,SGD,5000
Sharing is caring. Wish everyone will help her. Wish her speedy recovery ğŸ™ğŸ¼,SGD,2000
I donate to a worthy cause,SGD,25000
Saving a life is humanity.,SGD,10000
"Wishing the little boy a speedy recovery. For his parent, be strong & don't give up. Your child need your support & you are surrounded by supporting & loving people who cares to help.",SGD,10000
Every child have a chance to see the world.,SGD,5000
She needed,SGD,5000
Keep fighting! â™¥ï¸â™¥ï¸,SGD,1300
"Everyone is working for a earning. And it is not a easy decision to ask a help from public. 
Hope this small donation can help him go through this hard Time and no worry on the medical fees.",SGD,10000
"We need to support needy people in the society for medical, education, food & livelihood.",SGD,5000
å¸Œæœ›æ—©æ—¥åº·å¤,SGD,2000
æ„¿ä½ æ—©æ—¥åº·å¤ åŠ æ²¹ï¼,SGD,1000
because I can help others less fortunate,SGD,10000
help the needs,SGD,3500
He needs it,SGD,5000
åŠ æ²¹,SGD,1000
It is a way to say thank you.,SGD,20000
i want to help the family to reconnect,SGD,5000
I wish little boy Manidhar a speedy recovery â¤ï¸ Every child deserves a healthy life and bright future ğŸ™ğŸ¼ Itâ€™s painful to see innocent children in this condition .,SGD,2000
Help in whatever way we can.,SGD,3000
Just doing my partâ€¦,SGD,5000
We all should help one another  â¤,SGD,1000
å¸Œæœ›ç—…æ‚£æ—©æ—¥åº·å¤,SGD,1000
Many memories with TNS. Supporting them for this good cause.,SGD,5000
To do my little part by sharing during this difficult times,SGD,50000
Gambateh,SGD,3000
I want to help the needy n the poor.,SGD,25000
I wish every kid is healthy and happy,SGD,2000
Sharing is caring,SGD,1000
heâ€™s a young man that deserves to live the rest of his life,SGD,1000
Msians .. our neighbours!,MYR,80000
Everybody deserves a chance at life. I hope the family can get through this together.,SGD,3000
Get well soon dear .,SGD,10000
å¸Œæœ›ä»–æ—©æ—¥åº·å¤ã€‚å¯ä»¥å›å®¶è·Ÿå®¶äººå›¢èšã€‚,SGD,3000
Mong vá»›i chÃºt Ä‘Ã³ng gÃ³p nhá» nhoi cá»§a mÃ¬nh sáº½ giÃºp Ä‘Æ°á»£c má»i ngÆ°á»i vÆ°á»£t khÃ³ vÃ o thá»i gian nÃ y.,VND,500000
"Be brave, boy. Get well soon!",SGD,5000
I want to help.,MYR,10000
"If you have the mean to, WHy not? If we are given, we are blessed, why give not. Yishi yishi, good enough, does not matter the amount.  What say you?",SGD,10000
hope it helps,MYR,8000
"No amount is small. No prayer is short. If you are reading it , pls donate any amount. May you live a happy and healthy life.",SGD,1500
Just do it,MYR,6000
Sharing is caring,SGD,200
I want to do a small part for these children and praying they will recover.,SGD,3000
Just a little help that's within my ability to give. Hope for the best for them.,SGD,1000
Save baby. That's enough,SGD,10000
every life matters! God speed!,SGD,5000
ä¸ä¸ºä»€ä¹ˆï¼Œåªå› æ¯ä¸€ä¸ªç”Ÿå‘½éƒ½æ˜¯æ— ä»·çš„ï¼Œåªè¦èƒ½åŠ›æ‰€åŠ éƒ½ä¼šä»˜å‡ºã€‚,SGD,1000
Hoping fir his speedy recovery ğŸ™ğŸ™ğŸ™,SGD,5000
I donated because helping people... give him a chance recoverd soon,SGD,1000
Your small heart of donation can help him to recover from his surgery and reunite with his love ones in Malaysia. Speedy recovery!,SGD,5000
I wish the family can reunited together and enjoy more family ties and time and my hearts and prayer for you. May God bless and heal you and speedy recovery,SGD,10000
Help strayed cats to find a good home,SGD,5000
Hopefully get well soon ğŸ™ğŸ»,SGD,2000
åŠ æ²¹,SGD,5000
There is no foot too small that it cannot leave it's imprint on this world.,SGD,1000
#lovemoredonthate,SGD,1000
TRY HELPING EACH OTHERS.,SGD,500
little help.,MYR,10000
"I have been in a similar situation and know that a helping hand, however small, means a lot to the donees. God bless the child!",SGD,50000
åŠ æ²¹ï¼Œæ—©æ—¥åº·å¤ã€‚,SGD,10000
Just a small contribution.. Hope could make a little different to someone who is in need..,MYR,20000
gws,SGD,2000
I hope a little donation can help him out,SGD,1800
everyone deserve a good treat,SGD,3000
æ¯äººä¸€ç‚¹çˆ±çš„å¿ƒæ„ã€‚ã€‚ã€‚ä¸–ç•Œä¼šæ›´æ¸©æš–ä¸ç¾å¥½ğŸ’,SGD,3000
I donated because this is a world issue. We have to contribute at least to make the world better.,SGD,10000
"åŠ æ²¹ï¼Œ
æ—©æ—¥åº·å¤
å¸Œæœ›åœ¨æ˜å¤©",SGD,20000
"Everyone deserved the chance to live, esp during this time",SGD,5000
å¸®åŠ©å·®ä¸å¤šåŒé¾„çš„äººï½åŠ æ²¹,SGD,2000
I would like the child to have a chance to enjoy a happy childhood and grow up healthy.,SGD,10000
"Father God, we humbly pray for chee mun who are fighting Pheochromocytoma .Give him the hope and courage him need each day.Comfort him in his pain and bless him with healing.Strengthen his family,friends,and caregivers.In Jesusâ€™ name,Amen!",SGD,5400
i donated because I wish him to get well soon after surgery .,SGD,2000
å°½ä¸€ä»½ç»µåŠ›ã€‚ã€‚å°å°å¿ƒæ„ï¼ŒåŠ æ²¹,SGD,3000
"Sharing the rezki given by Allah SWT, 
Alhamdulillah 
All Praises to Allah",MYR,1000
å¸Œæœ›æ—©æ—¥åº·å¤,SGD,1000
We will get through these hard times. Malaysia don't give up!,MYR,20000
"Just practing to do donation regulary, hope everything will work smooth & dream come true soon.",SGD,100
Get well soon,SGD,1000
å°½ä¸€ä»½å°å°åŠ›é‡ã€‚,SGD,5000
stay strong.add oil,SGD,4000
I donated this because i sympathy on his current condition and hope he can recover soon. God bless him.,SGD,5000
Hoping I can help others,SGD,2500
Hoping to help,SGD,5000
Save Myanmar,SGD,5000
I want to give his family courage to have faith and strength on this battle.,SGD,1000
æ—©æ—¥åº·å¤,SGD,5000
I too have a kid this age,SGD,2000
I hope him recover soon,SGD,5000
Jiayou ! Fighting! And get well soon!,SGD,5000
æ—©æ—¥åº·å¤,SGD,5000
"å¦‚æœèƒ½å¸®åˆ°åˆ«äººï¼Œä½•ä¹ä¸ä¸ºã€‚
åœ¨ç”Ÿæ­»é¢å‰ï¼Œé’±å¦‚åŒåºŸçº¸ã€‚",SGD,1000
æ„Ÿæ©ï¼Œ,SGD,5000
Wish you speedy recovery!!!,SGD,2000
I am also a Malaysian working in Singapore.,SGD,2800
"My parents are Malaysians my mum also worked in Singapore previously to support my degree studies overseas. If I can help, I will want to help a mother, a Malaysian, a grandma and a spouse and most of all, a strong pillar for her family.",SGD,5000
"Hope u
Get well soon... â¤ï¸",SGD,1000
Speedy Recover,SGD,1000
To help him and support him,SGD,10000
She needs the money more than I do,SGD,5000
No man or child should go hungry,MYR,20000
Get well soon.,SGD,2000
I want to help and lighten the burdens in any way,SGD,15000
I hope everyone get a chance to get help and help people. Stay kind and generous.,SGD,2000
I don't want to live with regret not trying to help.,SGD,1000
Donate within affordability,MYR,15000
"God bless the work of your hands. Feed, teach, love the children!",SGD,10000
ä»–éœ€è¦å¸®åŠ©,SGD,2000
Jia you Chee MunğŸ’ª,SGD,3000
Get well soon,SGD,1000
It's necessary and I can do in my ability,VND,50000
Speedy recovery and all the best to you,SGD,2000
It is a blessing to give and to help those in need. God bless each of them and pray for their good health and well-being.,SGD,40000
Itâ€™s heartbreaking to see a child go through this. Would just like to contribute in a small way and hope to ease a bit of the financial burden the child and the family is facing.,SGD,3000
é˜¿å¼¥é™€ä½›. It is heartbreaking to see him going thru all the treatment at such a young age. Get well soon.,SGD,3000
I hope and pray that this kids gets through this tough time and gets back on his feet and be happy soon.,SGD,20100
I hope he makes a speedy recovery,SGD,3000
I wanted to help as much as I can,SGD,10000
Speedy recovery!,SGD,5000
Amitabha.,SGD,15000
To support Chee Mun,SGD,5000
Speedy recovery to you! Hope that you get well soon and go back to your family ASAP!,SGD,10000
Because I wanted to help,SGD,100
Speed Recovery,SGD,5000
Jia you chee mun. Speedy recovery.,SGD,3000
I donate a small sum because I try my best to help as I am a cancer patient.  And my husband also passed away on Jan 21 due to Adrenal gland cancer.,SGD,1500
My heart goes out to this sweet child and his family. May god bless him with good health. Please donâ€™t lose hope. Our prayers are with little Manidhar!,SGD,50000
help when you can,SGD,20000
#WeCareWeShare,MYR,20000
It is a blessing to give when there is a need. Pray for her recovery. God bless her and her loved ones.,SGD,25000
Wish you recover soon...,SGD,2000
Thank you for those who make efforts to improve the life of the children,SGD,5000
I just wish to help lighthen the burden on medical bill. Hope for his recovery.,SGD,5000
wish recover as soon as can,SGD,5000
It is the least I can do.,SGD,5000
Get well soon Chloe :),SGD,10000
It will appears on my fb page and I feel obliged to do so.,MYR,10000
Giving back to society especially to individuals with special needs.,SGD,5000
Helping each other.,SGD,2000
Hoping this little contribution can help a child get healthy.,MYR,8000
"Hope for a smooth recovery for him, his family still much needed his support....",SGD,5000
Bakes 2 - F2E82T1,SGD,2600
å°å°å¿ƒæ„ï¼Œåªæ˜¯åœ¨æˆ‘çš„èƒ½åŠ›èŒƒå›´å¸Œæœ›èƒ½å¸®åŠ©åˆ°ä»–ã€‚å¸Œæœ›ä»–æ—©æ—¥åº·å¤,SGD,2000
"Praying for his soonest recovery! 
Om SaiRam!",SGD,25000
I want to help poor people with no food in the village,SGD,25000
For India,SGD,500
"Wish the child recover soon...
â¤ï¸â¤ï¸â¤ï¸",MYR,6000
Get well soon Sweetheart.,MYR,6000
å¸Œæœ›ä½ æ—©æ—¥åº·å¤ åŠ æ²¹ ğŸ’ªğŸ»,SGD,10000
Doing our bit to help families in need.,SGD,20000
Happy Birthday Amy! This is the best time to Fundraise for such a good cause. May the Blessings be with you always Xoxo!,SGD,10000
Be strong and pray for your speedy recovery ğŸ™,SGD,5000
"May Myanmar have good days again...
ğŸ˜ŒğŸ˜ŒğŸ˜Œ",SGD,2000
åŠ æ²¹,SGD,2000
Praying for your child to recover completely. God loves you!,SGD,10000
Hope he gets well soon.,SGD,10000
Hopefully he get well soon.,SGD,3000
â¤ï¸,SGD,1000
å¸®åŠ©æœ‰éœ€è¦çš„äºº,SGD,3000
"Same as an overseas worker, being overseas alone, any precious kindness received are heart-warming. Bless to All.. . ğŸ™ğŸ™",SGD,10000
Speedy recover,SGD,4400
"I wish you a speedy recovery, stay strong and return to your love one back home.",SGD,5000
"Mental health is a topic very close to my heart and I believe that we all deserve to live meaningful and fulfilling lives, for which we need to prioritize our mental health :)",SGD,1300
"We benefited so much from Bernard and Ying, and the CEP community. Nothing can be more important that protecting and sharing Godâ€™s plan of Love to others!",SGD,60000
"Joceline is a precious little girl. Stay strong & be brave little one :) May your life be a blessing, hope, and testimony for others. Fighting!",MYR,4000
"My Dad""s Punya Tithi",SGD,5000
è¡Œå–„ç§¯å¾·,SGD,2000
Wish to help,SGD,10000
Get well soon..,SGD,10000
Pity to him...,SGD,5000
å°å°å¿ƒæ„ğŸ™ğŸ™ğŸ™,SGD,2000
æˆ‘å¸Œæœ›ä»–å¯ä»¥åº¦è¿‡è¿™ä¸ªéš¾å…³ï¼Œæœ‰ç¦æ°”æ´»åˆ°ç»ˆè€ã€‚äººæ´»åœ¨ä¸–ä¸Šä¸å®¹æ˜“ï¼Œæ›´ä½•å†µç¦»ä¹¡èƒŒäº•ï¼Œç‹¬è‡ªä¸€ä¸ªäººæ‰“æ‹¼ï¼Œé‡åˆ°è¿™ç§äº‹ï¼Œè™½ç„¶æˆ‘ä»¬ä¸è®¤è¯†æˆ‘æçš„ä¹Ÿä¸å¤šï¼Œä½†æ˜¯æˆ‘å¸Œæœ›è®©ä»–çŸ¥é“ï¼Œå…¶å®ä»–ä¸å­¤å•ã€‚,SGD,2000
Please help this family they are in needğŸ™,SGD,10000
"Just doing my bit to help, get well soon, om mani padme humğŸ˜ŠğŸ•‰ï¸",MYR,3000
Thank you for the amazing work that you provide for these treasures!,THB,50000
I want to help,SGD,2000
I wan the kids stay healthy and happy and sirvived,MYR,10000
Pay it forward!Count our blessings and give away some of our blessings unto others in need.Majulah Singapura!,SGD,1500
Education should be made accessible to everyone.,SGD,2000
"Very sad for him and his loved ones. Islam Haduil, stay strong, keep fighting, give us a chance to bring you back home ğŸ’ª",SGD,5000
Speedy recovery,SGD,4000
â™¥ï¸â™¥ï¸,SGD,3000
I donated because I believe everyone deserves to study in a good learning environment.,SGD,3000
"Dear India, please stay strong because miracle will happen!",SGD,2500
Its the month of blessing and sharing with those in need.,SGD,5000
I wanna help!,SGD,6500
"Ain society is giving an important support, hope and assistance  to patients and their families.",SGD,20000
Pray for comfort for you and your family. I'm really sorry this happened. My heart goes out to you and your family.,SGD,5000
I donated because India is currently accounting for almost half the worldwide cases just last week and they deserve more help than they're getting now.,SGD,2500
"I personally deal with patients who are in need such as these on a daily basis, often with poor social support and have to rely on NGOs such as WAO who have been one the best to work with to help them.",MYR,10000
amitÄbha,HKD,600
Everyone has the right to breath.,SGD,25000
I donated because I can. Because I have the means to help people who are in a very touch spot!,SGD,7500
Sharing is caring!,SGD,10000
This is Allah's blessing,SGD,10000
amitÄbha,SGD,100
"May it be the smallest gesture, multiplied by next.",SGD,5000
I hope Kelly recover soon.,MYR,20000
The patient's wife is our Ex-colleague. It's our small token of donation and wish her husband speedy recovery.,SGD,118000
Nil,SGD,2500
Ramadhan,SGD,5000
Thank you for being such a welcoming community.,SGD,5000
I donated because I feel India need our help .. if we can afford it why not helping ..,SGD,5000
"what i have is better when shared with others who needs it more than i do. apart from that, i feel complete sharing/donating part of what i have. have a blessed day everyone <3",SGD,1000
Charity will not decrease wealthâ¤ï¸,SGD,35000
I feel so sad to hear that.Jia you be strong ğŸ’ª Get well soon.,SGD,3000
Get well soon,SGD,500
Get well soon!,MYR,20000
Speedy recovery !,MYR,5000
My heart breaks for all those losing their loved ones! Stay strong India! â¤ï¸,SGD,75000
God bless Norman and I hope you would be able to undergo surgery,SGD,10000
"I donated because I'm a teacher in the SPED sector and I believe that everyone should be given equal chances in education, regardless of abilities.",SGD,100
I wanted to help,USD,236
To the people that contribute to our country,SGD,1000
å› ä¸ºä»–å€¼å¾—éœ€è¦å¸®åŠ©â¤ï¸,MYR,50000
Children are our future,SGD,5000
Everyone should get an opportunity for a sound Islamic education. It is heartening to see programmes like this and it should definitely be supported.,SGD,17500
"Aa an BTS army I wanted to help 
to make the current situation better even by a little bit.Thank you for giving me a chance to help by doing what I can.",USD,254
I donated because everyone with critical illness deserves the support they need in order to fight the disease. May Allah make R's road to recovery easy for him and his family.,SGD,5000
I donated because I would love to support our Malay/Muslim community.,SGD,5000
"ChÃº Äá»©c rÃ¡ng Ä‘iá»u trá»‹ má»™t cÃ¡ch khoa há»c Ä‘á»ƒ chá»¯a lÃ nh, ko phá»¥ cÃ´ng nhá»¯ng ngÆ°á»i giÃºp chÃº nha, Ä‘á»ƒ cho con gÃ¡i chÃº Ä‘Æ°á»£c Ä‘i há»c tiáº¿p,rá»“i sau má»›i bá»›t khá»• Ä‘Æ°á»£c. :)",VND,100000
Arlun is a good person.. hope your baby recover soon..,SGD,5000
I donated because I would like to support patients and family who are suffering from cancer.,SGD,5000
I donated because of sympathy.,SGD,2000
Digital literacy is an essential skill to have in our world today!,SGD,2000
"CÃ´ chÃº Æ¡i gáº·p Ä‘Æ°á»£c Give.asia lÃ  coi nhÆ° trong hoáº¡ cÃ³ phÃºc rá»“i,con chÃºc chÃº mau khoáº», vui váº» yÃªu Ä‘á»i.",VND,250000
It is my prayer for him to see the love of Christ through His people. My heart and prayers goes out to him and his family..,SGD,2000
"Let us therefore come boldly unto the throne of grace, that we may obtain mercy, and find grace to help in time of need.
â€­â€­Hebâ€¬ â€­4:16â€¬ â€­â€¬â€¬",SGD,5000
Fulfilling my obligations,SGD,17500
"Donated so that the doggie can be healthy again, and to run happy and free",SGD,5000
TÃ´i Ä‘Ã£ Ä‘Ã³ng gÃ³p bá»Ÿi vÃ¬ mong ngÆ°á»i dÃ¢n áº¤n Äá»™ sáº½ sá»›m vÆ°á»£t qua khÃ³ khÄƒn,SGD,1000
i care and share to needyâ¤ï¸,SGD,3000
Wish speedy recovery,MYR,8000
"I donated because I am touched by the fatherâ€™s love and determination, even setting up the charity with however little he has left.",USD,5000
My happiness comes from Giving,MYR,20000
"I donated because I believe that people with special needs deserve more opportunities to learn and grow to become contributive to our society, if not equal opportunities as neurotypicals, if meaningful to them.",SGD,12800
To help a life,SGD,5000
I just want to help.,SGD,2000
"You are saving lives. Giving second chances. Filling hungry tummies. Making  tails wag in happiness. 
May almighty Allah bless you with the strength and support you need to continue the beautiful work you are doing.",USD,2000
I hope that Kelly will find a suitable bone marrow donor and make a full recovery. Stay positive and strong!,MYR,20000
"I wish you're going to recover soon and take care of your family, need not to let them worry about you. Stay strong, stay healthy, you will get better.",SGD,2000
Every child deserve a chance. Stay strong !,MYR,50000
I donated because we should help people in need.we can help them in all sorts of ways.,SGD,10000
everyone deserves an equal chance to live their best life,SGD,1500
"It's a long road to recovery, not only for Alex but also for SunSun and family. Hopefully, my contribution provide some support/relief.",SGD,2000
"Donated on behalf of Veralyn Kow Yuan Hui and Valdrien Kow Yuan Guo.

Learn to give to help someone when needed.

May God blessed Alex a Miracle Speedy Recovery ğŸ™",SGD,5000
Donate to the needy when still can,SGD,1000
æ…ˆå–„,SGD,25000
As a Muslim during Ramadan month we try to do the donation as much as you can afford to help others. Donation can be done not only Ramadan. But as long you sincerely want to give.,SGD,5000
My heart aches for all the innocent lives lost and those who are suffering Letâ€™s all do whatever we can to come together and help,SGD,10000
"All the best, and god bless.",SGD,2000
i want to see the world happy healthy n safe.,SGD,50000
Give them a chance to see this beautiful world.,MYR,30000
I care,SGD,2000
Wish him a speedy recovery,SGD,3000
I believe in love â¤ï¸ğŸ¤—,SGD,3000
Wishing the best...,SGD,25000
I love cats,SGD,3000
I am a working mum and often cant find time to contribute charity in terms of effort & time. The least I can do is contribute monetary aid wherever needed. In Syaa Allah this charity is blessed by Allah and benefit those in need.,SGD,5000
I care about Baby Avery.,SGD,7500
"I donated because i believe animals are campanions of us .
To brighten up or lives .
To comfort us whenever we are down. 
They are angels sent by god for us.",SGD,5000
I donated because there will always be someone who will really need the help.,SGD,10000
Hy vá»ng pháº§n nhá» Ä‘Ã³ng gÃ³p cá»§a tÃ´i cÃ³ thá»ƒ mang láº¡i thay Ä‘á»•i cuá»™c Ä‘á»i cá»§a ai Ä‘Ã³ tá»‘t hÆ¡n.,VND,250000
I have seen how Ain Society render help to needy cancer patients and I believe in their cause.,SGD,1000
Hope Kelly can get the best treatment and recover soon.,MYR,50000
I like to donate,USD,1000
å°½å°å°çš„åŠ›é‡å¸®åŠ©ä»–ä»¬ã€‚å®¶é‡Œä¸¤å§å¦¹éƒ½æ˜¯æ‚£ä¸Šç™½è¡€çƒç—‡ã€‚å¸Œæœ›å¤§å®¶èƒ½å¤Ÿå°½ä¸€ä»½å¿ƒæ„å¸®åŠ©ä»–ä»¬,MYR,20000
Hopefully a little help goes a long way,SGD,4500
Pity,MYR,10000
HELPING THE KIDS IN SEEKING KNOWLEDGE. INSYALLAH,SGD,20000
He is a new and capable colleague. Hope that any amount can help to lighten parent burden for this family.,SGD,10000
Get well soon babies.. Just a little token from myself,SGD,2000
Well wishes,SGD,5000
Humanity!,SGD,7000
Well wishes,SGD,5000
å¸Œæœ›ä½ æ—©æ—¥åº·å¤ï¼Œä¸€å®¶å›¢èšã€‚,SGD,11000
to help,SGD,30000
Hope recover soon,SGD,2000
BTS and ARMY will always be together to make the world a better place.,USD,200
I am just doing my part to the society,SGD,20000
"To give is better than to receive and I hope my small amount helps out, with everyone giving their little it meant more to the receiver ğŸ™",SGD,2000
Well wishes,MYR,30000
A small token from me hope can help them,SGD,5000
Giving hope,SGD,5000
i donated because everyone deserves a chance,MYR,2000
Fellow humans,SGD,1000
Donâ€™t give up .. the Beighter days is just around the corner. Loves Ang light to you.,SGD,5000
I just want to help,SGD,10000
I care for him,MYR,10000
åŠ æ²¹,MYR,5000
we once need help and someonehelp us..,SGD,9000
Every child deserves the right to education.,SGD,11500
"Nam MÃ´ QuÃ¡n Tháº¿ Ã‚m Bá»“ TÃ¡t! ChÃºc cÃ´ mau bÃ¬nh phá»¥c, chÃºc chÃº luÃ´n máº¡nh khá»e!",VND,4000000
I have been in state where I have no money to buy food and clothes for my child. I know the feeling of hard to get by day by day.,SGD,5000
Jesus heals you Amen ğŸ™,MYR,1000
To help,SGD,10000
The humble people of Timor-Leste have lived through countless hardships over many years but always come out stronger. Let's help them overcome yet another challenge.,SGD,10000
I donated because i want to help other people.,MYR,5000
I care!,SGD,25000
Nam MÃ´ A Di ÄÃ  Pháº­t!,VND,2000000
æˆ‘ä»¬è¦å›¢ç»“ä¸€å¿ƒï¼Œå»å¸®åŠ©éœ€è¦å¸®åŠ©çš„äººï¼Œæ„Ÿæ©ï¼Œæˆ‘ä»¬è¿˜æ´»ç€ï¼æ‰€ä»¥ï¼Œæˆ‘ä¹Ÿå¸Œæœ›å€ŸåŠ©ä¸€ç‚¹ä¸€ç‚¹çš„å¿ƒæ„ä¹Ÿè®©å—æƒ çš„äººèƒ½å¤Ÿå­˜æ´»ä¸‹å»ï¼è©è¨ä¿ä½‘,SGD,10000
"I donated to Kelly Chan, her mom is my secondary classmate , hope Kelly Chan speedy Recovery",MYR,20000
Its good to give when able.,MYR,50000
I read about Alex's most unfortunate circumstances. The medical bills will surely mount and his family has to be taken care of. I wish him a speedy recovery. God bless.,SGD,3000
I also gave 2 kids and working alone in singapore and kids in msia. I understand how difficulities for this family. Hope my small token can help a little for them.,SGD,500
Just want to help,SGD,5000
"Don't shine so others can see me, shine so that through me, others can see Him, Jesus Christ.  Amen",SGD,5000
Every dollar counts...,SGD,1000
Everyone deserved some help when they needed most.,SGD,5000
To save life,SGD,2000
"I donated because we are so blessed to have enough supplies and we can afford to purchase sanitisers, masks, even clean water to keep ourselves safe. They donâ€™t.",SGD,5000
Itâ€™s for my mum who had requested that I arrange this donation. We are blessed and want to share Godâ€™s blessings. Hope the baby recovers.,SGD,5000
Because it's a hard time for all of us and we need to help each other to overcome this. I would thank Bangtan Sri Lanka for organizing this donation campaign and giving us this opportunity. Let's overcome this pandemic together.,USD,200
PLEASE HELP INDIA!!,SGD,1000
Wish him well,SGD,5000
"I spent some time in batu batu resort 2 years ago and I have been lucky enough to see the young turtles going back to water !
That was amazing and I wish the next generations will be able to see that too.",MYR,25000
God will bless Arlun and his daughter all the way.,SGD,10000
"Get well soon Alex! Your family is waiting for you.

Hang in there everyone!",SGD,5000
Best Wishes,SGD,20000
Help each other.,SGD,2000
My prayers r with the fmly. Stay strong for Kelly. God bless you all.,MYR,20000
I wish Mr Ng can go home and meet his family.,SGD,5000
Just my small donation.Hope he will recover soon. Stay strong.,SGD,350
Any child shall not be deprived of medical attention because of money!,SGD,5000
support local art.,SGD,9000
"We are one world one family, stay strong India!",INR,500000
The family in need of financially.,SGD,5000
"My donation will be used to fund services like homecare as well as other SATA CommHealth's programmes for the needy and seniors. 

""It's not how much we give but how much love we put into giving.â€ â€œ - Mother Teresa",SGD,2000
I donated to share my blessings from above.,SGD,5000
I donated because I would like to help people in India.,INR,500000
"I think regardless of race or country, everyone deserves to live. Life is precious.",SGD,5000
My father was in same situation in foreign country... understand  similar situations,SGD,2000
I donated because it is always the right thing to help others in need. Take care and get well soon.,SGD,1000
This world will be a better place if we help each other.,SGD,5000
My heart goes all out to a foreign worker providing comfort for his family back home.ğŸ™,SGD,2000
This person is in need and I want to share my blessings with people in hardship!,SGD,5000
å—ç„¡é˜¿å½Œé™€ä½›,SGD,1000
Humanitarian aid,SGD,10000
"The family is having huge burden. This small value is to give them hope, support and encouragement.",SGD,5000
"1 John 4:19 ""We love because He first loved us.""",SGD,10000
Doing my part bits by bits.,SGD,1000
æ…ˆæ‚²å–œèˆ,SGD,2500
"My dad also suffered from the same issue few years back. He used to be a workaholic too, he had a brain stroke on the day of his retirement & last day of work. Iâ€™m grateful that he is still able to recognize us.",SGD,1300
love is full around the corner,SGD,5000
Get well soon bro. We pray for you.,SGD,3000
Jiayou,SGD,5000
NA,SGD,10000
.,MYR,10000
We must have faith. We can master our brain back in no time!,SGD,25000
To let them breathe,SGD,10000
I donated because I hope to ease his family burden and hope his memory can be regained.,SGD,2000
Because they need help. And you can.,SGD,2500
Prince deserves better! Get well soon!,SGD,5000
The dogs deserve better treatment from us.,SGD,5000
For a hope,SGD,5000
"I work at Morgan Stanley, and I found out this organization and the opportunity via my Firm.  I really hope that the situation in India will get better soon and that the people there can live their lives safely with good health.",INR,100000
Every little help will bring the treatment closer,SGD,2000
this is the most direct way to help desperate individual instead of going through Charities...,MYR,20000
I would like to support people suffering from Covid.,INR,500000
To help a family in need,SGD,50000
Hoping even just a bit helps,INR,700000
Hope the small token will help Norma to regain his eye sight :),SGD,3000
I hope this helps save someone's life.,INR,1000000
God bless baby,SGD,2500
Because I have worked with timorese people and they are the kindest and warmest ones I've met. Chin up Timor! You can do this. Emerge stronger!,SGD,25000
to share around,SGD,5000
"Every little bit of effort helps. Doing my part and love for pets. Nancy, retiree",SGD,5000
Help people makes your life more meaningful and Zen.,SGD,3400
I feel everyone deserves a second chance,SGD,5000
obeying my LORD JESUSâ€™ nudge to me..,SGD,5000
I would like to save lives.,INR,100000
I wish everyone who are suffering will able to have sufficient support...,INR,500000
Pray that little Kelly can grow up healthily!,MYR,10000
Hope to get well soon â¤ï¸,MYR,5000
Hope he able to recover so that he can take care of his family. Family need a father and husband.,SGD,5000
I would want world to be COVID free,SGD,5000
Small token to help family to move on.,SGD,5000
To help people,MYR,1000
the least I can do to help...,INR,1000000
They deserve every ounce of service for all the hardship they have been going through :(,SGD,5000
He need to recover for his two kids and his wife. Speedy recovery Alex. God bless you and your family.,SGD,2000
Because I have lots of colleagues who have family in India.,INR,1000000
"ç‚¹æ™ºæ…§çœŸå¯Œè£• 6/5/2021
å› ä¸ºå¸ƒæ–½å¯ä»¥ä¸ºæˆ‘ä»¬å¸¦æ¥è®¸å¤šå–„ç¼˜å¥½è¿ï¼Œå°†äººç”Ÿæ®‹ç¼ºç ´æ´ç»™åœ†æ»¡èµ·æ¥ã€‚ä»å¸ƒæ–½ä¸­åŸ¹å…»å‡ºæ…ˆæ‚²å–œèˆçš„ç¾å¾·ï¼Œå¼€å¯å†…å¿ƒæ— ç©·å°½çš„å®è—ã€‚",SGD,10000
"All lives matter despite who they are and whats their background. It's heartbreaking to see our loved ones leave us so quickly, painfully, and helplessly. Let's give our little help and hope for the best. Thanks",SGD,1000
Susan hope your husband speedy recover ğŸ’ªğŸ’ª,SGD,5000
Just helping out someone who is in more dire straits than me,SGD,1000
All lives matter despite who they are and whats their background.,SGD,3000
"All lives matter despite who they are and whats their background. It's heartbreaking to see our loved ones leave us so quickly, painfully, and helplessly. Let's give our little help and hope for the best. Thanks",SGD,4000
May my little contribution play a part in helping them through this challenging period.,SGD,2500
Is a good deed. Always try your best to help when someone need it.,SGD,5000
"I was a former Malaysian working in Singapore too, I felt the pressure that money earned in Singapore can only spend in Malaysia since we may not be able to afford the cost due to our low wages and Govt doesnâ€™t give subsidy to foreigners.",SGD,10000
"Make a difference in this world, big or small.",SGD,1000
A small donation from us may heÄºp other's life. So why not?,SGD,10000
Bcos he damn hardworking for his family n deserved my support,SGD,2000
Helping others is so wonderful,SGD,2500
I know what it feels to have to work until your bones ache to support yourself & the people you are responsible for. I wish Alex a speedy recovery! Good Bless you Alex.,SGD,3000
"Just cannot see her suffering in pain. I am not a doctor or nurse, I just hope can try to change/improve her life.",MYR,20000
I'm gifted to give by God's graceğŸ™,SGD,2000
In solidarity with Timor-Leste. Stay safe everyone!,SGD,25000
You will be  heal you I pray in the name ğŸ™ Jesus Christ Amen ğŸ™,SGD,1000
I hope this will facilitate the lack of facilities of health care sector a bit.,USD,200
U need it more than me!,SGD,2500
To inspire others to donate too & help lighten the load,SGD,4500
"We should always remember our elderly and those who need help, by helping them within our means to be of support â¤.  We care and we are in this together :)",SGD,1800
æˆ‘ä½›æ…ˆæ‚² ^_^,USD,1000
"take care, everything will be fine",MYR,2000
æ—©æ—¥åº·å¤,SGD,10000
Small donation hope to help to ease some of your pain. Take care and hope your husband get well soon.,SGD,3000
I hope my small donation can somehow help Indian people combat Covid pandemic. Hope the peace will be back to India very soon.,SGD,500
I pray my small token can help to uplift them in their learning journey,SGD,10000
For humanity,SGD,1000
Kids are close to my heart and today I can so I did it,SGD,1000
"Because this rizq allah blessed me, is not fully mine.",SGD,2000
"I donated because no one should have to suffer from something that is preventable. We are all humans that eat, breathe, and sleep. We should show kindness and be compassionate to one another. We should do what we can to help.",SGD,2000
å°½ä¸€ä»½ç»µè–„ä¹‹åŠ›ï¼ŒåŠ æ²¹,SGD,1000
"Join in with my campaign #ProjectSave India. Each donation will be helpful. So, we truly have the ability to save thousands of lives.",SGD,100000
Hope small amount could help the patient towards the recovery journey.,SGD,5000
"I donate because I would like to help my sisters and brothers to have a better education and have a brighter future , Insya allah!",SGD,1000
"May Sai bless all with abundance, peace and good health.",SGD,4500
Mercy,SGD,2000
I donated because i want to help. It's very tough and torturous when ones is in need of money especially for medical attention and they don't have it.,SGD,5000
I know is tough journey for the little girl. Hope the little donation can help her to have speedy recovery. God bless her! åŠ æ²¹ï¼,MYR,10000
Hope all the children are healthy and happy,MYR,50000
Wish you cover soon ğŸ™ğŸ»,SGD,2000
Hope he recovers asap,SGD,5000
"Save life, and make life meaningful.",SGD,2000
To help the community,SGD,10000
Hope you recover soon...,SGD,5000
i hope he will get well soon without to worry about the finances.,SGD,10000
Medical bills are really insane and their twin daughters deserve a chance to experience the world,SGD,500
...,SGD,1000
i love dogs.,SGD,10000
Pray for India. You will win the battle,SGD,2500
I donated because everyone deserves equal chance in life.,SGD,5000
Thank you for the wonderful work you guys are doing. Wish we could come visit! Soon... good luck !,MYR,50000
May God be with you and your family. Stay strong and pray that you conquer the battle soon ğŸ™,SGD,5000
To help people in need,SGD,10000
Kelly deserves a chance for a better life.,MYR,20000
I hope he can speedy recovery,SGD,3000
I care,SGD,1000
"Though I do not know this ah-ma, but sad to see her in such state. please help this ah-ma if you can. your little help will be appreciated by the family.",SGD,3000
Get well soon! Jia YouğŸ’ªğŸ’ªğŸ’ª,SGD,10000
LOVE OF GOD,SGD,2500
I am a Singaporean working in a foreign country by myself too. So this story is very relatable to me as it could very well happen to me too.,SGD,20000
India needs our help!,SGD,25000
I hope I can help in the aid course of Indiaâ€™s pandemic situation .,SGD,5000
Save life!,SGD,5000
Hope can help a little,SGD,5000
I donated because my girl is participating in the campaign and I feel this campaign has bring a lot of advantages and learning joy to many kids,MYR,10000
I want to help.,SGD,5000
Give a little hope to make someone life better. :),SGD,10000
"My dad is also diabetic, he reminded me of my dad. Praying for good health for both of them",SGD,500
To help needy people get oxygen,SGD,10000
"Compassion is the only option forward. Hope that this money goes to the people as advertised.

~on behalf of Abyss concept",SGD,10000
the conversation is needed.,USD,10000
At critical moments it is best that everyone stay together hand in hand by helping to get through toughest times. May everything be ok and covid to vanish.,SGD,5000
To do my little part.,SGD,5000
Stay strong ğŸ’ªğŸ»,SGD,5000
To help those in crisis. I am thankful for the opportunity to give because it shows how much I have been blessed.,SGD,5000
Stray dogs deserve equal living opportunity and love. Please help if you can within your means.,SGD,10000
åŠ æ²¹ğŸ’ª,SGD,2000
Sharing my blessings with others especially in the month of Ramadan,SGD,10000
To support Red Cross activities in India,SGD,10000
Help ppl in need. My heart goes out to them,SGD,10000
I care,SGD,10000
I care,SGD,10000
Hope you will recover soon. Jia you,SGD,2000
Hope to contribute within my affordability.,SGD,10000
i hope to contribute and hope it can help them through this bad times.,SGD,5000
An ARMY and a covid patient.Thanks for doing this â¤,USD,400
"All lives matter, please, let us each do our part to save India and anyone who deserves to live - not die.",SGD,37000
Bakes 2 - F2E81T1,SGD,1600
åŠ æ²¹,SGD,500
"I am about to give tithes to the church but this story came up from my IG feed. It moved me so much, and I am a mother myself. Get well soon Jocelyn. I am praying for you. And stay strong Cindy. (Dian)",MYR,70000
I care for the baby and the family. Praying for baby Avery!,SGD,25000
Always feel good to help others when you can,SGD,5000
Jia you everyone.,SGD,1000
Letâ€™s help each other whenever you can.,SGD,10000
I am a wife and a mother too.,SGD,5000
I donate because I believe in giving every child a chance to learn and that every child should not be deprived because of their family social status.,SGD,2000
I hope the kid will get better and i hope that my son also will get better from his kidney condition.,MYR,5000
I hope she can continue stay strong and fight off this out! ğŸ™ğŸ¼,MYR,10000
I wish to offer my help to the less fortunate.,SGD,1000
Stay Strong India! God Bless You All!,SGD,5000
I want to help,SGD,10000
Wishing the world and everyone good health and be happy.,MYR,50000
I donated to help unfortunate people based on my own ability and build a good karma. I believe the unfortunate people deserved better and equal.,SGD,10000
I like to help and make them happy,SGD,30000
Good luck ğŸ¤,SGD,3000
Get well soon Manidhar,SGD,20500
i can,SGD,5000
Ikhlas,SGD,5000
å—ç„¡æ¶ˆç½å»¶å£½è—¥å¸«ä½›åº‡ä½‘æ‚¨,SGD,5000
May God grant His strength and blessings to the kid and family during this difficult time.,SGD,10000
ä¸ºå®¶äººç§¯ç¦,SGD,2000
é’±ä¸å¤šï¼Œå¸Œæœ›å‡ºä¸€ç‚¹åŠ›ã€‚æ„¿ä½ æ—©æ—¥åº·å¤ã€‚åŠ æ²¹ğŸ™ğŸ™ğŸ™,SGD,2000
"I donated because I can. And hopefully, someoneâ€™s life might be saved.",SGD,10000
"Having a big family definitely is a Happiness. Being a solely breadwinner now is a challenging task for her. With our support, I am sure herself and kids will lead a normal life just like us.May Allah ease Ur affairs.Ameen",SGD,3000
May all ve well and happy.,SGD,15000
So he can recover â™¥ï¸,SGD,1000
Anyone would.,SGD,5000
TÃ´i muá»‘n gÃ³p 1 pháº§n nhá» mong giÃºp Ä‘Æ°á»£c pháº§n nÃ o. ChÃ¢n thÃ nh cáº£m Æ¡n má»i ngÆ°á»i,VND,250000
Sincere prayers!,SGD,25000
Our prayers are with you for the babies growth and support.,SGD,2500
"Using this platform to practice donate regularly, hope u recover speedy.",SGD,100
"Speedy recover buddy! And get reunion with your family.
From a malaysian who works in sg too.",SGD,2000
I donated because i want to help the people affected by this pandemic,SGD,20100
I donated because I support my good friend James Chow in his charitable cause!,SGD,10000
God bless,SGD,4400
"Help others when i have the ability to help,",SGD,10000
ç¥ä½ æ—©æ—¥åº·å¤ï¼ŒåŠ æ²¹,SGD,5000
Hopefully you can get well soon. Your mum need you to go back msia to see her. Stay safe and stay strong.,SGD,500
Kids deserve a chance,SGD,5000
"Make a move, it give hopes.",SGD,1000
Do good and good will come to you.,SGD,5000
on behalf of my mum,SGD,10000
Get well soon!,SGD,5000
I hope he can getting well becoz his parents waiting him in Malaysia,SGD,1000
Itâ€™s difficult time for many the past two years. Letâ€™s support each other! Get well soon.,SGD,25000
Please get well soon,SGD,10000
Just want to contribute back to society,SGD,50000
Fellow malaysian,SGD,5000
I care Tengah Island! â¤ï¸,MYR,50000
Share a helping hand,SGD,1000
å¸Œæœ›å¯ä»¥å¹«åŠ©åˆ°æœ‰éœ€è¦çš„äºº,SGD,3000
"I donated because, I know this boy and family.",SGD,50000
ç¥æ—©æ—¥åº·å¤,SGD,2000
hope you get well soonğŸ’ª,SGD,1000
I have recovered from numerous hospital visits and covered by insurance. I feel blessed. Just wish to help a fellow Malaysian as we are both living in Singapore away from our parents. He is a filial son too. Hope to see him recover soon.,SGD,5000
Every bit goes a long way,SGD,2000
Get well soon young man! You can do it!,SGD,5000
èƒ½å¸®å¤šå°‘æ˜¯å¤šå°‘ï¼Œå¸Œæœ›ä¼šæœ‰æ›´å¤šéœ€è¦å¸®åŠ©çš„äººå¾—åˆ°å¸®åŠ©,SGD,500
Hope he can speedy recovery,SGD,5000
Hope he got chances go back to hometown and gather with his family again,SGD,1000
å¸Œæœ›æ—©æ—¥åº·å¤ï¼,SGD,1000
Support to his family..,SGD,20000
hope he gets better soon,SGD,2000
å¸Œæœ›ä½ èƒ½åº·å¤ä¸å®¶äººç›¸èšï¼ŒåŠ æ²¹ä½ è¡Œçš„,SGD,5000
Hope he will get well soonï¼,SGD,1000
åŠ æ²¹ã€‚åŠ æ²¹ã€‚å®¶äººéƒ½åœ¨ç­‰ç€ä½ å•Šã€‚,SGD,5000
Just want to help.,SGD,1000
